	pdb	data	oligomer
0	1bb1	[2.0, 3.0, 1.0, 3.0, 2.0, -1.0, 2.0, 2.0, 2.0, -1.0, -2.0, 0.0, -1.0, 1.0, 1.0, 3.0, 1.0, -1.0, -1.0, 1.0, 3.0, 1.0, 3.0, 1.0, -1.0, 0.0, 2.0, 3.0]	3
1	1ce0	[1.0, -4.0, -3.0, -1.0, -3.0, -7.0, -3.0, -3.0, -7.0, -5.0, -3.0, -3.0, -7.0, -1.0, 0.0, -4.0, -3.0, 0.0, -2.0, -4.0, -1.0, 2.0, -4.0, -1.0, 1.0, -3.0, -1.0, 1.0]	3
2	1ce9	[0.0, 0.0, 0.0, 1.0, -3.0, -5.0, -1.0, 0.0, -4.0, -3.0, 0.0, -4.0, -4.0, -3.0, 0.0, -4.0, -1.0, 1.0, -3.0, -1.0, 1.0, 3.0, -1.0, -1.0, 0.0, 0.0, 0.0, 0.0]	4
3	1cos	[-1.0, -1.0, -2.0, 1.0, 1.0, -1.0, 3.0, 1.0, -1.0, -1.0, 1.0, 1.0, -1.0, 3.0, -1.0, -3.0, -3.0, 1.0, -1.0, -3.0, 3.0, -1.0, -3.0, -1.0, 0.0, 0.0, 0.0, 0.0]	3
4	1fe6	[1.0, -2.0, -4.0, 1.0, 2.0, -2.0, 2.0, 3.0, 2.0, -2.0, 1.0, 0.0, -2.0, -3.0, 0.0, -2.0, -6.0, -3.0, 0.0, -2.0, -3.0, 1.0, 1.0, -1.0, -3.0, 3.0, -1.0, -1.0]	4
5	1fe6	[0.0, 0.0, 0.0, 0.0, 0.0, 0.0, 0.0, 1.0, 1.0, 1.0, -3.0, 1.0, 1.0, -1.0, -3.0, 1.0, 1.0, -1.0, -3.0, 1.0, 0.0, 0.0, 0.0, 0.0, 0.0, 0.0, 0.0, 0.0]	4
6	1gcm	[0.0, 0.0, 0.0, 1.0, -3.0, -5.0, 1.0, 2.0, -4.0, -1.0, 2.0, -2.0, -4.0, -1.0, 2.0, -4.0, -1.0, 1.0, -3.0, -1.0, 1.0, 3.0, 0.0, 0.0, 0.0, 0.0, 0.0, 0.0]	3
7	1gk6	[1.0, -3.0, -5.0, -1.0, 0.0, -4.0, -3.0, 0.0, -4.0, -4.0, -3.0, 0.0, -4.0, -1.0, 1.0, -3.0, -1.0, 1.0, 3.0, -1.0, 1.0, 5.0, -1.0, 1.0, 3.0, 3.0, 3.0, 1.0]	2
8	1gk6	[0.0, 0.0, 0.0, 0.0, 0.0, 0.0, 0.0, 3.0, 1.0, 3.0, 1.0, 3.0, 1.0, 2.0, 0.0, -1.0, 0.0, 0.0, 0.0, -1.0, 0.0, 0.0, 0.0, 0.0, 0.0, 0.0, 0.0, 0.0]	2
9	1gl2	[1.0, -1.0, -3.0, 1.0, 3.0, -3.0, 1.0, 1.0, -1.0, -1.0, -1.0, -3.0, -5.0, -3.0, -3.0, -7.0, -3.0, -3.0, -5.0, -3.0, -5.0, -3.0, -5.0, -1.0, -3.0, -5.0, -3.0, -5.0]	4
10	1gl2	[0.0, 0.0, 0.0, 0.0, 0.0, 0.0, 0.0, 0.0, 0.0, 0.0, -5.0, -7.0, -3.0, 0.0, 0.0, 0.0, 0.0, 0.0, 0.0, 0.0, 0.0, 0.0, 0.0, 0.0, 0.0, 0.0, 0.0, 0.0]	4
11	1hvv	[0.0, 0.0, 0.0, 0.0, 0.0, 0.0, 0.0, 0.0, 0.0, 0.0, 4.0, -1.0, -4.0, 0.0, -1.0, -5.0, -3.0, 0.0, 0.0, 0.0, 0.0, 0.0, 0.0, 0.0, 0.0, 0.0, 0.0, 0.0]	4
12	1ij0	[-1.0, -3.0, -4.0, -1.0, -1.0, -7.0, -3.0, -1.0, -3.0, -7.0, -1.0, 0.0, -4.0, -3.0, 0.0, -2.0, -4.0, -1.0, 2.0, -4.0, -1.0, 1.0, -3.0, -1.0, 1.0, 3.0, 0.0, 0.0]	3
13	1ij1	[-1.0, -3.0, -4.0, -1.0, -1.0, -7.0, -3.0, -1.0, -3.0, -7.0, -1.0, 0.0, -4.0, -3.0, 0.0, -2.0, -4.0, -1.0, 2.0, -4.0, -1.0, 1.0, -3.0, -1.0, 1.0, 3.0, 0.0, 0.0]	3
14	1ij2	[0.0, 0.0, 0.0, 1.0, -3.0, -5.0, -1.0, 0.0, -4.0, -3.0, 0.0, -4.0, -4.0, -3.0, 0.0, -4.0, -1.0, 1.0, -3.0, -1.0, 1.0, 0.0, 0.0, 0.0, 0.0, 0.0, 0.0, 0.0]	3
15	1ij3	[0.0, 0.0, 0.0, 1.0, -3.0, -5.0, -1.0, 0.0, -4.0, -3.0, 0.0, -4.0, -4.0, -3.0, 0.0, -4.0, -1.0, 1.0, -3.0, -1.0, 1.0, 3.0, -1.0, 0.0, 0.0, 0.0, 0.0, 0.0]	3
16	1jcc	[-3.0, -3.0, -3.0, -1.0, -1.0, -7.0, -1.0, -1.0, -3.0, -3.0, -1.0, 1.0, -5.0, 1.0, -1.0, -3.0, -3.0, -1.0, -1.0, -5.0, 1.0, -1.0, -3.0, -3.0, 1.0, -1.0, -3.0, 3.0]	3
17	1jcc	[0.0, 0.0, 0.0, 0.0, 0.0, 0.0, 0.0, -1.0, -3.0, -3.0, 1.0, 1.0, -3.0, 1.0, 1.0, -3.0, -3.0, -1.0, 1.0, -5.0, -1.0, 0.0, 0.0, 0.0, 0.0, 0.0, 0.0, 0.0]	3
18	1jcd	[-2.0, -3.0, -3.0, -1.0, -1.0, -7.0, -1.0, -1.0, -3.0, -3.0, -1.0, 1.0, -5.0, 1.0, -1.0, -3.0, -3.0, -1.0, -1.0, -5.0, 1.0, -1.0, -3.0, -3.0, 1.0, -1.0, -3.0, 3.0]	3
19	1jcd	[0.0, 0.0, 0.0, 0.0, 0.0, 0.0, 0.0, -1.0, -3.0, -3.0, 1.0, 1.0, -3.0, 1.0, 1.0, -3.0, -3.0, -1.0, 1.0, -5.0, -1.0, 0.0, 0.0, 0.0, 0.0, 0.0, 0.0, 0.0]	3
20	1kil	[1.0, -1.0, -3.0, -1.0, -1.0, -5.0, -3.0, -1.0, -5.0, -3.0, -3.0, -5.0, -5.0, -1.0, -1.0, -5.0, 1.0, -1.0, -1.0, 1.0, 3.0, 1.0, -1.0, 5.0, 1.0, -3.0, -1.0, 1.0]	5
21	1kil	[0.0, 0.0, 0.0, 0.0, 0.0, 0.0, 0.0, 1.0, -5.0, -1.0, 1.0, -3.0, -3.0, -2.0, 2.0, -1.0, -2.0, -2.0, 0.0, 0.0, 0.0, 0.0, 0.0, 0.0, 0.0, 0.0, 0.0, 0.0]	5
22	1n7s	[1.0, -1.0, -3.0, -1.0, -1.0, -5.0, -3.0, -1.0, -5.0, -3.0, -3.0, -5.0, -5.0, -1.0, -1.0, -5.0, 1.0, -1.0, -1.0, 1.0, 3.0, 1.0, -1.0, 5.0, 1.0, -3.0, -1.0, 1.0]	4
23	1n7s	[0.0, 0.0, 0.0, 0.0, 0.0, 0.0, 0.0, 0.0, 0.0, 0.0, 1.0, -5.0, -1.0, 1.0, -3.0, -3.0, -2.0, 0.0, 0.0, 0.0, 0.0, 0.0, 0.0, 0.0, 0.0, 0.0, 0.0, 0.0]	4
24	1pl5	[3.0, 3.0, 0.0, -1.0, 5.0, 3.0, -1.0, 1.0, 5.0, 1.0, -3.0, -1.0, 1.0, -3.0, -5.0, -1.0, -1.0, -3.0, -1.0, -1.0, -1.0, 1.0, 3.0, 1.0, -1.0, 3.0, 1.0, -5.0]	2
25	1pl5	[-3.0, 1.0, 1.0, -5.0, -3.0, -1.0, -1.0, -3.0, -3.0, 1.0, -3.0, -1.0, -3.0, -1.0, -1.0, -1.0, 1.0, -3.0, 1.0, -3.0, -1.0, -1.0, 1.0, -3.0, -3.0, 1.0, -1.0, -5.0]	2
26	1pl5	[0.0, 0.0, 0.0, 0.0, 0.0, 0.0, 0.0, -3.0, 1.0, -1.0, -7.0, -3.0, -3.0, -3.0, -5.0, -3.0, -1.0, -5.0, -1.0, -1.0, -1.0, 0.0, 0.0, 0.0, 0.0, 0.0, 0.0, 0.0]	2
27	1rb4	[0.0, 0.0, 0.0, 1.0, -3.0, -5.0, 1.0, 2.0, -4.0, -1.0, 2.0, -2.0, -4.0, -1.0, 2.0, -4.0, -1.0, 1.0, -3.0, -1.0, 1.0, 0.0, 0.0, 0.0, 0.0, 0.0, 0.0, 0.0]	3
28	1rb5	[0.0, 0.0, 0.0, 1.0, -3.0, -5.0, 1.0, 2.0, -4.0, -1.0, 2.0, -2.0, -4.0, -1.0, 2.0, -4.0, -1.0, 1.0, -3.0, -1.0, 1.0, 3.0, -1.0, -1.0, 0.0, 0.0, 0.0, 0.0]	3
29	1rb6	[0.0, 0.0, 0.0, 1.0, -3.0, -5.0, 1.0, 2.0, -4.0, -1.0, 2.0, -2.0, -4.0, -1.0, 2.0, -4.0, -1.0, 1.0, -3.0, -1.0, 1.0, 3.0, -1.0, -1.0, 0.0, 0.0, 0.0, 0.0]	3
30	1swi	[0.0, 0.0, 0.0, 1.0, -3.0, -5.0, 1.0, 2.0, -4.0, -1.0, 2.0, -2.0, -4.0, -1.0, 2.0, -4.0, -1.0, 1.0, -3.0, -1.0, 1.0, 3.0, 0.0, 0.0, 0.0, 0.0, 0.0, 0.0]	3
31	1t6f	[2.0, 0.0, -3.0, -1.0, 0.0, -4.0, -3.0, -1.0, -5.0, -5.0, -3.0, -3.0, -7.0, -3.0, -3.0, -5.0, -7.0, -3.0, -1.0, -5.0, -3.0, -1.0, -3.0, -3.0, -3.0, -1.0, -5.0, -3.0]	2
32	1t6f	[0.0, 0.0, 0.0, 0.0, 0.0, 0.0, 0.0, 0.0, 0.0, 0.0, -1.0, -5.0, -3.0, 1.0, 0.0, 0.0, 0.0, 0.0, 0.0, 0.0, 0.0, 0.0, 0.0, 0.0, 0.0, 0.0, 0.0, 0.0]	2
33	1t8z	[-1.0, -2.0, -3.0, -1.0, -1.0, -7.0, -1.0, -1.0, -3.0, -3.0, -1.0, 1.0, -5.0, 1.0, -1.0, -3.0, -3.0, -1.0, -1.0, -5.0, 1.0, -1.0, -3.0, -3.0, 1.0, -1.0, -3.0, 3.0]	5
34	1t8z	[0.0, 0.0, 0.0, 0.0, 0.0, 0.0, 0.0, -1.0, -3.0, -3.0, 1.0, 1.0, -3.0, 1.0, 1.0, -3.0, -3.0, -1.0, 1.0, -5.0, -1.0, 0.0, 0.0, 0.0, 0.0, 0.0, 0.0, 0.0]	5
35	1uii	[0.0, -3.0, -4.0, 0.0, -1.0, -5.0, -3.0, 1.0, -2.0, -4.0, -1.0, 2.0, -2.0, -2.0, 1.0, 0.0, -4.0, -3.0, -1.0, -5.0, -5.0, -3.0, -3.0, -7.0, -3.0, -3.0, -5.0, -7.0]	2
36	1uii	[0.0, 0.0, 0.0, -3.0, -1.0, -5.0, -3.0, -1.0, -3.0, -3.0, -3.0, -1.0, -5.0, -3.0, -1.0, -5.0, -3.0, 1.0, -1.0, -3.0, 1.0, 3.0, -2.0, 0.0, 0.0, 0.0, 0.0, 0.0]	2
37	1uix	[1.0, -1.0, -3.0, -1.0, 1.0, -3.0, -3.0, -1.0, -5.0, -5.0, -3.0, -3.0, -7.0, -1.0, -1.0, -5.0, -5.0, -1.0, -1.0, -7.0, -1.0, -1.0, -5.0, -5.0, -3.0, -1.0, -5.0, -3.0]	2
38	1uix	[1.0, -1.0, 1.0, -1.0, 3.0, 3.0, 1.0, 3.0, -1.0, 1.0, -1.0, 1.0, -3.0, -3.0, -1.0, -3.0, -3.0, -3.0, -3.0, -3.0, -3.0, -1.0, -5.0, -3.0, 1.0, 1.0, -3.0, -1.0]	2
39	1uix	[0.0, 0.0, 0.0, 0.0, 0.0, 0.0, 0.0, 0.0, 0.0, 0.0, 4.0, 0.0, -3.0, -2.0, 0.0, 0.0, 0.0, 0.0, 0.0, 0.0, 0.0, 0.0, 0.0, 0.0, 0.0, 0.0, 0.0, 0.0]	2
40	1urq	[0.0, 0.0, 0.0, 0.0, 0.0, 0.0, 0.0, 0.0, 0.0, 0.0, 1.0, -1.0, -3.0, 0.0, 0.0, 0.0, 0.0, 0.0, 0.0, 0.0, 0.0, 0.0, 0.0, 0.0, 0.0, 0.0, 0.0, 0.0]	4
41	1wt6	[-1.0, -3.0, -3.0, -1.0, -3.0, -5.0, -1.0, -1.0, -5.0, -5.0, -1.0, -1.0, -5.0, -1.0, 1.0, -1.0, -3.0, -3.0, -1.0, -5.0, -1.0, -3.0, -3.0, -1.0, -3.0, -1.0, -5.0, 1.0]	3
42	1wt6	[0.0, 0.0, 0.0, 0.0, 0.0, 0.0, 0.0, 0.0, 0.0, 0.0, -1.0, -3.0, -3.0, -1.0, -1.0, -5.0, 1.0, 0.0, 0.0, 0.0, 0.0, 0.0, 0.0, 0.0, 0.0, 0.0, 0.0, 0.0]	3
43	1ybk	[1.0, -2.0, -4.0, 1.0, 2.0, -2.0, 2.0, 3.0, 2.0, -2.0, 1.0, 0.0, -2.0, -3.0, 0.0, -2.0, -6.0, -3.0, 0.0, -2.0, -3.0, 1.0, 1.0, -1.0, -3.0, 3.0, -1.0, -1.0]	4
44	1ybk	[0.0, 0.0, 0.0, 0.0, 0.0, 0.0, 0.0, 1.0, 1.0, 1.0, -3.0, 1.0, 1.0, -1.0, -3.0, 1.0, 1.0, -1.0, -3.0, 1.0, 0.0, 0.0, 0.0, 0.0, 0.0, 0.0, 0.0, 0.0]	4
45	1zik	[0.0, 0.0, 0.0, 1.0, -3.0, -5.0, -1.0, 0.0, -4.0, -3.0, 0.0, -4.0, -4.0, -3.0, 0.0, -4.0, -1.0, 1.0, -3.0, -1.0, 1.0, 0.0, 0.0, 0.0, 0.0, 0.0, 0.0, 0.0]	2
46	1zil	[0.0, 0.0, 0.0, 1.0, -3.0, -5.0, -1.0, 0.0, -4.0, -3.0, 0.0, -4.0, -4.0, -3.0, 0.0, -4.0, -1.0, 1.0, -3.0, -1.0, 1.0, 0.0, 0.0, 0.0, 0.0, 0.0, 0.0, 0.0]	2
47	1zim	[0.0, 0.0, 0.0, 1.0, -3.0, -5.0, -1.0, 0.0, -4.0, -3.0, 0.0, -4.0, -4.0, -3.0, 0.0, -4.0, -1.0, 1.0, -3.0, -1.0, 1.0, 3.0, -1.0, 0.0, 0.0, 0.0, 0.0, 0.0]	3
48	1zvb	[3.0, -1.0, -2.0, 3.0, 1.0, -5.0, -3.0, 1.0, 1.0, -3.0, 1.0, 1.0, -1.0, 1.0, 3.0, 1.0, -1.0, 3.0, 3.0, -3.0, -3.0, 3.0, 1.0, -5.0, -1.0, 1.0, -1.0, -3.0]	3
49	2b1f	[0.0, 0.0, 0.0, 0.0, 0.0, 0.0, 0.0, 0.0, 0.0, 0.0, 1.0, 0.0, -2.0, 1.0, 3.0, -3.0, 1.0, 0.0, 0.0, 0.0, 0.0, 0.0, 0.0, 0.0, 0.0, 0.0, 0.0, 0.0]	4
50	2bni	[0.0, 0.0, 0.0, 1.0, -3.0, -5.0, 1.0, 1.0, -5.0, -1.0, 3.0, -1.0, -5.0, 1.0, 3.0, -3.0, -1.0, 3.0, -1.0, -1.0, 1.0, 0.0, 0.0, 0.0, 0.0, 0.0, 0.0, 0.0]	4
51	2d3e	[1.0, -2.0, -5.0, -1.0, 0.0, -4.0, -3.0, 0.0, -4.0, -4.0, -3.0, 0.0, -4.0, -1.0, 1.0, -3.0, -1.0, 1.0, 1.0, -3.0, 1.0, 1.0, -5.0, -3.0, 1.0, -1.0, -5.0, -1.0]	4
52	2d3e	[-3.0, -1.0, -3.0, -1.0, 1.0, -1.0, 1.0, -1.0, -1.0, -1.0, -1.0, 1.0, -5.0, -1.0, -1.0, -5.0, -5.0, -1.0, -1.0, -7.0, -1.0, -1.0, -3.0, -3.0, -1.0, 1.0, -5.0, 0.0]	4
53	2d3e	[-2.0, -3.0, -4.0, -4.0, -4.0, -7.0, -5.0, -5.0, -7.0, -6.0, -4.0, -4.0, -5.0, 0.0, -2.0, -3.0, -3.0, 1.0, -1.0, -5.0, 1.0, -1.0, -5.0, -5.0, -1.0, -1.0, -5.0, 1.0]	4
54	2d3e	[-1.0, -3.0, -3.0, 1.0, -1.0, -5.0, 1.0, -1.0, -5.0, -5.0, -1.0, -1.0, -7.0, -1.0, -1.0, -5.0, -5.0, -1.0, 0.0, -4.0, -1.0, -2.0, 0.0, -2.0, -2.0, -1.0, 0.0, 2.0]	4
55	2d3e	[0.0, 0.0, 0.0, 0.0, 0.0, 0.0, 0.0, -4.0, -2.0, -1.0, 0.0, -2.0, -5.0, 1.0, 1.0, -3.0, -5.0, 1.0, 1.0, 0.0, 0.0, 0.0, 0.0, 0.0, 0.0, 0.0, 0.0, 0.0]	4
56	2fxm	[3.0, -1.0, -3.0, -1.0, 1.0, -3.0, -3.0, -1.0, -3.0, -3.0, -3.0, -1.0, -3.0, 1.0, -3.0, -1.0, -3.0, -1.0, -1.0, -3.0, -1.0, -1.0, -3.0, -3.0, -1.0, 1.0, -5.0, -1.0]	2
57	2fxm	[1.0, -3.0, -5.0, -1.0, 1.0, -3.0, -3.0, 1.0, -1.0, -1.0, -3.0, 1.0, -3.0, 1.0, -1.0, -3.0, -3.0, -1.0, -1.0, -7.0, -3.0, -3.0, -5.0, -5.0, -3.0, -3.0, -3.0, -3.0]	2
58	2fxm	[-1.0, -3.0, 1.0, -3.0, -1.0, -3.0, -1.0, -3.0, -5.0, -3.0, -3.0, -3.0, -7.0, -1.0, -1.0, -5.0, -5.0, -1.0, -1.0, -7.0, -1.0, -1.0, -3.0, -3.0, -1.0, 3.0, -3.0, 0.0]	2
59	2guv	[0.0, 0.0, 0.0, 0.0, 0.0, 0.0, 0.0, 0.0, 0.0, 0.0, 1.0, -3.0, -5.0, 0.0, 0.0, 0.0, 0.0, 0.0, 0.0, 0.0, 0.0, 0.0, 0.0, 0.0, 0.0, 0.0, 0.0, 0.0]	5
60	2hy6	[0.0, 0.0, 0.0, 0.0, 0.0, 0.0, 0.0, 3.0, 2.0, 0.0, 1.0, 7.0, 1.0, 1.0, 5.0, 5.0, 1.0, 0.0, 0.0, 0.0, 0.0, 0.0, 0.0, 0.0, 0.0, 0.0, 0.0, 0.0]	7
61	2ipz	[1.0, 0.0, -3.0, 1.0, 1.0, -5.0, -1.0, 3.0, -1.0, -5.0, -1.0, 0.0, -4.0, -3.0, 2.0, -2.0, -4.0, -1.0, 2.0, -2.0, -1.0, 5.0, 1.0, -1.0, 3.0, 5.0, 1.0, -1.0]	4
62	2jgo	[-1.0, -1.0, -2.0, 1.0, 1.0, -1.0, 3.0, 1.0, -1.0, -1.0, 1.0, 1.0, -1.0, 3.0, -1.0, -3.0, -3.0, 1.0, -1.0, -3.0, 3.0, -1.0, -3.0, -1.0, 0.0, 0.0, 0.0, 0.0]	3
63	2nps	[1.0, -3.0, -5.0, 1.0, 1.0, -5.0, -1.0, 1.0, -3.0, -3.0, -1.0, -3.0, -5.0, -3.0, -3.0, -7.0, -3.0, -3.0, -7.0, -5.0, -3.0, -3.0, -5.0, 1.0, -1.0, -3.0, -3.0, -1.0]	4
64	2nps	[0.0, 0.0, 0.0, 0.0, 0.0, 0.0, 0.0, 0.0, 0.0, 0.0, -3.0, -5.0, -1.0, -3.0, -7.0, -5.0, -3.0, 0.0, 0.0, 0.0, 0.0, 0.0, 0.0, 0.0, 0.0, 0.0, 0.0, 0.0]	4
65	2nrn	[1.0, -1.0, -4.0, 1.0, 1.0, -5.0, -1.0, 3.0, -1.0, -5.0, -1.0, 0.0, -4.0, -3.0, 2.0, -2.0, -4.0, -1.0, 2.0, -2.0, -1.0, 5.0, 1.0, -1.0, 3.0, 0.0, 0.0, 0.0]	4
66	2q5u	[0.0, 0.0, 0.0, 0.0, 0.0, 0.0, 0.0, 1.0, 5.0, 1.0, 1.0, 3.0, 1.0, 1.0, 1.0, 1.0, 3.0, 0.0, 0.0, 0.0, 0.0, 0.0, 0.0, 0.0, 0.0, 0.0, 0.0, 0.0]	3
67	2q6q	[1.0, -5.0, -3.0, 1.0, -1.0, -7.0, -2.0, 0.0, -3.0, -4.0, 0.0, -2.0, -3.0, -2.0, 0.0, -5.0, -3.0, -3.0, -3.0, -5.0, -3.0, -1.0, -3.0, -1.0, -3.0, 1.0, -3.0, 1.0]	2
68	2q6q	[0.0, 0.0, 0.0, 0.0, 0.0, 0.0, 0.0, 0.0, 0.0, 0.0, -1.0, -3.0, -3.0, -1.0, -1.0, -7.0, -1.0, 0.0, 0.0, 0.0, 0.0, 0.0, 0.0, 0.0, 0.0, 0.0, 0.0, 0.0]	2
69	2q7c	[0.0, 0.0, 0.0, 0.0, 0.0, 0.0, 0.0, 1.0, 5.0, 1.0, 1.0, 3.0, 1.0, 1.0, 1.0, 1.0, 3.0, 0.0, 0.0, 0.0, 0.0, 0.0, 0.0, 0.0, 0.0, 0.0, 0.0, 0.0]	3
70	2qdq	[0.0, 0.0, 0.0, 0.0, 0.0, 0.0, 0.0, -3.0, -5.0, -5.0, -1.0, 1.0, -5.0, -1.0, 1.0, -3.0, -3.0, -3.0, 0.0, 0.0, 0.0, 0.0, 0.0, 0.0, 0.0, 0.0, 0.0, 0.0]	2
71	2siv	[0.0, 0.0, 0.0, 1.0, -1.0, -3.0, -1.0, 1.0, -3.0, -3.0, 1.0, -3.0, -3.0, -1.0, -1.0, 1.0, 1.0, 3.0, -1.0, 1.0, 1.0, -1.0, -3.0, -1.0, 0.0, 0.0, 0.0, 0.0]	6
72	2v66	[0.0, 0.0, 0.0, 1.0, -1.0, -3.0, -1.0, 1.0, -3.0, -3.0, 1.0, -3.0, -3.0, -1.0, -1.0, 1.0, 1.0, 3.0, -1.0, 1.0, 1.0, -1.0, -3.0, -1.0, 0.0, 0.0, 0.0, 0.0]	4
73	2w6a	[0.0, 2.0, -1.0, -1.0, 1.0, -1.0, -1.0, -1.0, 1.0, -3.0, -1.0, -1.0, -1.0, -1.0, 1.0, -1.0, -3.0, -1.0, 1.0, -5.0, -3.0, -1.0, -3.0, -7.0, -1.0, -1.0, -5.0, -5.0]	2
74	2w6a	[0.0, 0.0, 0.0, 0.0, 0.0, 0.0, 0.0, -1.0, -1.0, -7.0, -1.0, -1.0, -3.0, -3.0, -3.0, 1.0, -3.0, -1.0, -1.0, -3.0, 0.0, 0.0, 0.0, 0.0, 0.0, 0.0, 0.0, 0.0]	2
75	2wpq	[1.0, -3.0, -5.0, 1.0, 2.0, -4.0, -1.0, 2.0, -2.0, -4.0, -1.0, 2.0, -4.0, -1.0, 1.0, -3.0, -1.0, 1.0, 3.0, -1.0, -1.0, 1.0, -3.0, -3.0, -1.0, -1.0, -5.0, -5.0]	3
76	2wpq	[-5.0, -3.0, -5.0, -3.0, -1.0, -5.0, -3.0, -5.0, -3.0, -5.0, -3.0, -3.0, -7.0, -5.0, -5.0, -5.0, -7.0, -3.0, -1.0, -5.0, -5.0, -3.0, -3.0, -5.0, -3.0, -1.0, -5.0, -3.0]	3
77	2wpq	[-3.0, -5.0, -5.0, -1.0, -1.0, -7.0, -1.0, -1.0, -5.0, -5.0, -1.0, -1.0, -7.0, -1.0, 1.0, -3.0, -5.0, 1.0, 2.0, -4.0, -1.0, 2.0, -2.0, -4.0, -1.0, 2.0, -4.0, -1.0]	3
78	2wpq	[0.0, 0.0, 0.0, 0.0, 0.0, 0.0, 0.0, 0.0, 0.0, 0.0, 1.0, -3.0, -1.0, 1.0, 0.0, 0.0, 0.0, 0.0, 0.0, 0.0, 0.0, 0.0, 0.0, 0.0, 0.0, 0.0, 0.0, 0.0]	3
79	2wpr	[1.0, -3.0, -5.0, 1.0, 2.0, -4.0, -1.0, 2.0, -2.0, -4.0, -1.0, 2.0, -4.0, -1.0, 1.0, -3.0, -1.0, 1.0, 1.0, -3.0, 1.0, 1.0, -5.0, -3.0, -1.0, -1.0, -5.0, -3.0]	3
80	2wpr	[-1.0, -5.0, -3.0, -5.0, -3.0, -5.0, -3.0, -3.0, -7.0, -5.0, -5.0, -5.0, -7.0, -3.0, -1.0, -5.0, -5.0, -3.0, -3.0, -5.0, -3.0, -1.0, -5.0, -3.0, -3.0, -5.0, -5.0, -1.0]	3
81	2wpr	[-1.0, -7.0, -1.0, 1.0, -3.0, -5.0, 1.0, 1.0, -5.0, -3.0, 1.0, -1.0, -7.0, -1.0, 1.0, -3.0, -5.0, 1.0, 2.0, -4.0, -1.0, 2.0, -2.0, -4.0, -1.0, 2.0, -4.0, -1.0]	3
82	2wpr	[0.0, 0.0, 0.0, 0.0, 0.0, 0.0, 0.0, 0.0, 0.0, 0.0, 1.0, -3.0, -1.0, 1.0, 1.0, 0.0, 0.0, 0.0, 0.0, 0.0, 0.0, 0.0, 0.0, 0.0, 0.0, 0.0, 0.0, 0.0]	3
83	2wps	[1.0, -3.0, -5.0, 1.0, 2.0, -4.0, -1.0, 2.0, -2.0, -4.0, -1.0, 2.0, -4.0, -1.0, 1.0, -3.0, -1.0, 1.0, 1.0, -3.0, 1.0, 1.0, -5.0, -3.0, -1.0, -1.0, -5.0, -3.0]	3
84	2wps	[-1.0, -5.0, -3.0, -5.0, -3.0, -5.0, -3.0, -3.0, -7.0, -5.0, -5.0, -5.0, -7.0, -3.0, -1.0, -5.0, -5.0, -3.0, -3.0, -5.0, -3.0, -1.0, -5.0, -3.0, -3.0, -5.0, -5.0, -1.0]	3
85	2wps	[-1.0, -7.0, -1.0, 1.0, -3.0, -5.0, 1.0, 1.0, -5.0, -3.0, 1.0, -1.0, -7.0, -1.0, 1.0, -3.0, -5.0, 1.0, 2.0, -4.0, -1.0, 2.0, -2.0, -4.0, -1.0, 2.0, -4.0, -1.0]	3
86	2wps	[0.0, 0.0, 0.0, 0.0, 0.0, 0.0, 0.0, 0.0, 0.0, 0.0, 1.0, -3.0, -1.0, 1.0, 1.0, 0.0, 0.0, 0.0, 0.0, 0.0, 0.0, 0.0, 0.0, 0.0, 0.0, 0.0, 0.0, 0.0]	3
87	2wpz	[-1.0, -3.0, -4.0, -1.0, -1.0, -7.0, -3.0, -1.0, -3.0, -7.0, -1.0, 0.0, -4.0, -5.0, -2.0, -2.0, -6.0, -3.0, 0.0, -4.0, -3.0, -1.0, -3.0, -1.0, 1.0, 3.0, 0.0, 0.0]	3
88	2xg7	[3.0, 3.0, 1.0, 3.0, 5.0, 3.0, 3.0, -1.0, 3.0, -1.0, -1.0, -1.0, -3.0, -1.0, -3.0, -1.0, -5.0, -1.0, -1.0, -3.0, -3.0, -1.0, 1.0, -5.0, 1.0, -1.0, -3.0, -3.0]	2
89	2xg7	[-1.0, -1.0, -7.0, -1.0, -1.0, -3.0, -3.0, -1.0, 1.0, -5.0, 1.0, -1.0, -3.0, -3.0, -3.0, -3.0, -5.0, -1.0, -3.0, -3.0, -1.0, -1.0, 1.0, -1.0, 1.0, 1.0, 1.0, 0.0]	2
90	2xu6	[-2.0, -2.0, -3.0, -1.0, 1.0, -5.0, 1.0, -1.0, -3.0, -3.0, -3.0, -3.0, -7.0, -3.0, -1.0, -3.0, -3.0, -1.0, 3.0, -1.0, 1.0, 3.0, 1.0, -1.0, -3.0, 1.0, -2.0, -2.0]	2
91	2xu6	[0.0, 0.0, 0.0, 0.0, 0.0, 0.0, 0.0, 0.0, 0.0, 0.0, -1.0, -4.0, -2.0, -2.0, -1.0, -4.0, 0.0, 0.0, 0.0, 0.0, 0.0, 0.0, 0.0, 0.0, 0.0, 0.0, 0.0, 0.0]	2
92	2z2t	[0.0, 0.0, 0.0, 1.0, -1.0, -1.0, 1.0, 1.0, -1.0, -1.0, 3.0, -3.0, -1.0, 1.0, -1.0, 1.0, 1.0, 5.0, 1.0, 1.0, 3.0, 1.0, 1.0, 1.0, 0.0, 0.0, 0.0, 0.0]	6
93	2zfc	[2.0, 1.0, -1.0, 2.0, -1.0, -3.0, -1.0, 1.0, -3.0, -3.0, 1.0, -1.0, -1.0, 1.0, 1.0, -1.0, -1.0, 3.0, -3.0, -1.0, 3.0, 1.0, 1.0, 3.0, 7.0, 3.0, 1.0, 5.0]	3
94	2zfc	[0.0, 0.0, 0.0, 0.0, 0.0, 0.0, 0.0, 3.0, 1.0, 1.0, 1.0, 3.0, -1.0, 3.0, 1.0, 1.0, 2.0, 2.0, 1.0, 0.0, 0.0, 0.0, 0.0, 0.0, 0.0, 0.0, 0.0, 0.0]	3
95	2zta	[0.0, 0.0, 0.0, 1.0, -3.0, -5.0, -1.0, 0.0, -4.0, -3.0, 0.0, -4.0, -4.0, -3.0, 0.0, -4.0, -1.0, 1.0, -3.0, -1.0, 1.0, 3.0, 0.0, 0.0, 0.0, 0.0, 0.0, 0.0]	2
96	3a7p	[-1.0, 1.0, -1.0, 3.0, 3.0, 1.0, 3.0, -1.0, 1.0, -1.0, 1.0, -3.0, -3.0, -1.0, -1.0, -3.0, -5.0, 1.0, -1.0, -5.0, -5.0, -3.0, -3.0, -7.0, -3.0, -1.0, -3.0, -3.0]	2
97	3a7p	[0.0, 0.0, 0.0, 0.0, 0.0, 0.0, 0.0, -1.0, 3.0, -1.0, -1.0, 1.0, 1.0, -3.0, -5.0, -3.0, -5.0, -5.0, -3.0, 0.0, 0.0, 0.0, 0.0, 0.0, 0.0, 0.0, 0.0, 0.0]	2
98	3aha	[0.0, 0.0, 0.0, 1.0, -1.0, -1.0, 1.0, 1.0, -1.0, -1.0, 3.0, -3.0, -1.0, 1.0, -1.0, 1.0, 1.0, 5.0, 1.0, 1.0, 3.0, 1.0, 1.0, 1.0, 0.0, 0.0, 0.0, 0.0]	6
99	3bas	[0.0, 0.0, 0.0, 1.0, -3.0, -5.0, -1.0, 0.0, -4.0, -3.0, 0.0, -4.0, -4.0, -3.0, 0.0, -4.0, -1.0, 1.0, -3.0, -1.0, 1.0, 3.0, -1.0, -1.0, 0.0, 0.0, 0.0, 0.0]	2
100	3cve	[-3.0, -2.0, -2.0, -3.0, -1.0, -5.0, -1.0, -3.0, -3.0, -1.0, -3.0, -1.0, -5.0, 0.0, -2.0, -3.0, -4.0, -2.0, -2.0, -7.0, -4.0, -4.0, -5.0, -7.0, -5.0, -5.0, -5.0, -3.0]	4
101	3cve	[-5.0, -5.0, -3.0, -1.0, -3.0, -5.0, 1.0, 1.0, -3.0, -3.0, 3.0, 1.0, -1.0, 1.0, 3.0, 3.0, -1.0, 3.0, 1.0, -1.0, 1.0, -1.0, -1.0, -3.0, -1.0, 1.0, -5.0, -1.0]	4
102	3cvf	[-3.0, -5.0, -5.0, -3.0, -1.0, -5.0, -3.0, -1.0, -5.0, -3.0, -3.0, -1.0, -3.0, 0.0, -2.0, -3.0, -4.0, 0.0, -2.0, -5.0, 0.0, -2.0, -3.0, -3.0, -3.0, -1.0, -5.0, -1.0]	4
103	3cvf	[-3.0, -3.0, -1.0, -3.0, 1.0, -3.0, 1.0, 3.0, 1.0, 1.0, 3.0, 3.0, 1.0, 1.0, 3.0, 3.0, -1.0, 3.0, 1.0, -1.0, 1.0, -1.0, -1.0, -1.0, 1.0, 1.0, -3.0, 1.0]	4
104	3cvf	[0.0, 0.0, 0.0, 0.0, 0.0, 0.0, 0.0, 0.0, 0.0, 0.0, 5.0, -1.0, 1.0, 5.0, 4.0, 0.0, 0.0, 0.0, 0.0, 0.0, 0.0, 0.0, 0.0, 0.0, 0.0, 0.0, 0.0, 0.0]	4
105	3f4y	[0.0, 0.0, 0.0, 1.0, -1.0, -1.0, 1.0, 1.0, -1.0, -1.0, 3.0, -3.0, -1.0, 1.0, -1.0, 1.0, 1.0, 5.0, 1.0, 1.0, 3.0, 1.0, 1.0, 1.0, 0.0, 0.0, 0.0, 0.0]	6
106	3f89	[-1.0, -5.0, -3.0, 1.0, -1.0, -7.0, -3.0, -3.0, -3.0, -3.0, -1.0, -1.0, -3.0, 1.0, 0.0, 0.0, 3.0, 2.0, 2.0, 0.0, 1.0, 2.0, 0.0, 4.0, -2.0, 1.0, 0.0, 0.0]	2
107	3f89	[0.0, -1.0, 2.0, -4.0, -1.0, -1.0, -1.0, -5.0, -3.0, -1.0, -1.0, -5.0, -3.0, -1.0, -3.0, -4.0, -2.0, -1.0, -4.0, -4.0, -2.0, -3.0, -6.0, 0.0, -1.0, -5.0, -5.0, -1.0]	2
108	3f89	[0.0, 0.0, 0.0, 0.0, 0.0, 0.0, 0.0, 0.0, 0.0, 0.0, -1.0, -7.0, -1.0, 0.0, 0.0, 0.0, 0.0, 0.0, 0.0, 0.0, 0.0, 0.0, 0.0, 0.0, 0.0, 0.0, 0.0, 0.0]	2
109	3g1e	[0.0, 0.0, 0.0, 3.0, -1.0, -3.0, 1.0, 3.0, -1.0, 1.0, 1.0, -1.0, -3.0, -1.0, -3.0, -3.0, 1.0, -1.0, -1.0, -1.0, 1.0, 1.0, -1.0, 3.0, 0.0, 0.0, 0.0, 0.0]	2
110	3gjp	[0.0, 0.0, 0.0, 1.0, -3.0, -5.0, -1.0, 0.0, -4.0, -3.0, 0.0, -4.0, -4.0, -3.0, 0.0, -4.0, -1.0, 1.0, -3.0, -1.0, 1.0, 3.0, -1.0, -1.0, 0.0, 0.0, 0.0, 0.0]	3
111	3gwo	[2.0, -3.0, -3.0, 1.0, -1.0, -5.0, -5.0, -3.0, -5.0, -7.0, -7.0, -7.0, -7.0, -7.0, -5.0, -3.0, -5.0, -3.0, -1.0, -3.0, -1.0, 1.0, 1.0, -1.0, 3.0, 1.0, -1.0, 3.0]	2
112	3gwo	[0.0, 0.0, 0.0, 0.0, 0.0, 0.0, 0.0, 3.0, 1.0, 1.0, 1.0, 1.0, 1.0, 3.0, 0.0, 2.0, 3.0, 0.0, 0.0, 0.0, 0.0, 0.0, 0.0, 0.0, 0.0, 0.0, 0.0, 0.0]	2
113	3h01	[2.0, -3.0, -3.0, 1.0, -1.0, -5.0, -5.0, -3.0, -5.0, -7.0, -5.0, -5.0, -7.0, -5.0, -3.0, -1.0, -5.0, -1.0, 1.0, -3.0, -1.0, 1.0, 1.0, -1.0, 3.0, 1.0, -1.0, 3.0]	2
114	3h01	[0.0, 0.0, 0.0, 0.0, 0.0, 0.0, 0.0, 3.0, 1.0, 1.0, 1.0, 1.0, 1.0, 3.0, 0.0, 2.0, 3.0, 0.0, 0.0, 0.0, 0.0, 0.0, 0.0, 0.0, 0.0, 0.0, 0.0, 0.0]	2
115	3hfc	[0.0, 0.0, 0.0, 1.0, -3.0, 1.0, 1.0, -1.0, -3.0, -1.0, -1.0, -7.0, -2.0, -2.0, -5.0, -6.0, -3.0, -1.0, -3.0, -1.0, -1.0, -2.0, 0.0, 0.0, 0.0, 0.0, 0.0, 0.0]	3
116	3hfe	[0.0, 0.0, 0.0, 0.0, 0.0, 0.0, 0.0, 0.0, 0.0, 0.0, -1.0, -5.0, -5.0, -1.0, 1.0, -3.0, 1.0, 0.0, 0.0, 0.0, 0.0, 0.0, 0.0, 0.0, 0.0, 0.0, 0.0, 0.0]	3
117	3jsv	[2.0, 1.0, -1.0, 4.0, 1.0, -1.0, 1.0, -1.0, 1.0, -3.0, -1.0, -1.0, -1.0, 1.0, -4.0, 0.0, -3.0, -2.0, -2.0, -2.0, -5.0, -2.0, -2.0, -3.0, -3.0, -1.0, 1.0, -5.0]	4
118	3jsv	[-1.0, -3.0, -1.0, -1.0, -2.0, -1.0, -2.0, -2.0, -3.0, -3.0, 0.0, 0.0, -1.0, 0.0, 1.0, 1.0, -1.0, 3.0, 3.0, -1.0, 1.0, 1.0, -3.0, -3.0, -1.0, -3.0, -4.0, -2.0]	4
119	3jsv	[0.0, 0.0, 0.0, 0.0, 0.0, 0.0, 0.0, -1.0, -4.0, -4.0, -2.0, -5.0, -4.0, -4.0, -3.0, -3.0, -1.0, -1.0, -1.0, -1.0, 3.0, 0.0, 0.0, 0.0, 0.0, 0.0, 0.0, 0.0]	4
120	3k7z	[0.0, 0.0, 0.0, 1.0, -3.0, -5.0, 1.0, 2.0, -4.0, -1.0, 2.0, -2.0, -4.0, -1.0, 2.0, -4.0, -1.0, 1.0, -3.0, -1.0, 1.0, 3.0, 0.0, 0.0, 0.0, 0.0, 0.0, 0.0]	3
121	3klt	[1.0, 1.0, -2.0, 3.0, 1.0, -3.0, -1.0, 0.0, -2.0, -7.0, -2.0, 0.0, -2.0, -3.0, -2.0, 2.0, -1.0, -3.0, 1.0, 1.0, -3.0, -3.0, 0.0, -2.0, -5.0, -2.0, 0.0, -2.0]	4
122	3klt	[-3.0, 0.0, 0.0, -3.0, -1.0, 1.0, 1.0, -3.0, -1.0, -1.0, -5.0, -3.0, 1.0, -3.0, -5.0, -1.0, -1.0, -5.0, -3.0, -1.0, -3.0, -7.0, -4.0, -4.0, -7.0, -6.0, -4.0, -4.0]	4
123	3klt	[0.0, 0.0, 0.0, 0.0, 0.0, 0.0, 0.0, -7.0, -2.0, -2.0, -3.0, -3.0, -1.0, 1.0, -3.0, 3.0, -1.0, 0.0, 0.0, 0.0, 0.0, 0.0, 0.0, 0.0, 0.0, 0.0, 0.0, 0.0]	4
124	3lbw	[0.0, 0.0, 0.0, 4.0, 3.0, 3.0, 6.0, 5.0, 5.0, 5.0, 5.0, 3.0, 5.0, 5.0, 5.0, 5.0, 7.0, 3.0, 1.0, 5.0, 0.0, 0.0, 0.0, 0.0, 0.0, 0.0, 0.0, 0.0]	4
125	3ljm	[-1.0, -1.0, -2.0, 1.0, 1.0, -1.0, 3.0, 1.0, -1.0, -1.0, 1.0, 1.0, -1.0, 3.0, -1.0, -3.0, -3.0, 1.0, -1.0, -3.0, 3.0, -1.0, -3.0, -1.0, 0.0, 0.0, 0.0, 0.0]	3
126	3m91	[1.0, 1.0, -1.0, -1.0, 1.0, -3.0, -1.0, 1.0, -1.0, -3.0, -1.0, -1.0, -5.0, -1.0, 1.0, -3.0, -5.0, -1.0, 1.0, -3.0, 1.0, 1.0, -1.0, -1.0, 1.0, 1.0, -3.0, 1.0]	4
127	3ni0	[1.0, -3.0, -5.0, -1.0, 1.0, -3.0, -3.0, 1.0, -3.0, -1.0, -3.0, -3.0, -3.0, -1.0, -1.0, -7.0, -1.0, -1.0, -5.0, -5.0, -1.0, -1.0, -7.0, -1.0, -1.0, -3.0, -3.0, -3.0]	2
128	3ni0	[0.0, 0.0, 0.0, 0.0, 0.0, 0.0, 0.0, 0.0, 0.0, 0.0, -1.0, -5.0, -3.0, -5.0, -5.0, -3.0, -5.0, 0.0, 0.0, 0.0, 0.0, 0.0, 0.0, 0.0, 0.0, 0.0, 0.0, 0.0]	2
129	3q8t	[1.0, -1.0, -3.0, -1.0, 1.0, -3.0, -1.0, 1.0, -1.0, -3.0, -1.0, -1.0, -5.0, -1.0, 1.0, -3.0, -5.0, -3.0, -3.0, -5.0, -1.0, -1.0, -3.0, -3.0, 1.0, -1.0, -3.0, 1.0]	2
130	3q8t	[1.0, -1.0, -3.0, -1.0, 1.0, -5.0, 1.0, -1.0, -3.0, -3.0, -3.0, -1.0, -5.0, -4.0, -2.0, -5.0, -4.0, -5.0, -3.0, -5.0, -3.0, -3.0, -6.0, -5.0, -4.0, -2.0, -5.0, -3.0]	2
131	3q8t	[-1.0, -5.0, -3.0, -3.0, -1.0, -5.0, -1.0, -1.0, -5.0, -5.0, -1.0, -1.0, -6.0, 0.0, -1.0, -2.0, -2.0, 0.0, 1.0, -4.0, 2.0, -1.0, -3.0, -3.0, 0.0, 0.0, 0.0, 0.0]	2
132	3r46	[1.0, 2.0, -1.0, 3.0, 1.0, -1.0, 3.0, 3.0, 1.0, -3.0, 3.0, 1.0, -1.0, 3.0, 3.0, 3.0, -1.0, 1.0, 1.0, 1.0, 3.0, 1.0, 1.0, 1.0, 0.0, 0.0, 0.0, 0.0]	6
133	3r4a	[2.0, 3.0, 1.0, 2.0, 1.0, 1.0, 3.0, 1.0, 3.0, 1.0, -1.0, -1.0, 1.0, 3.0, 1.0, 3.0, 1.0, 1.0, 1.0, 1.0, 5.0, 3.0, 5.0, 1.0, 0.0, 0.0, 0.0, 0.0]	4
134	3rk3	[0.0, 0.0, 0.0, 0.0, 0.0, 0.0, 0.0, 0.0, 0.0, 0.0, 1.0, -1.0, -3.0, -1.0, -1.0, -5.0, -3.0, 0.0, 0.0, 0.0, 0.0, 0.0, 0.0, 0.0, 0.0, 0.0, 0.0, 0.0]	5
135	3s4r	[3.0, -1.0, -3.0, 1.0, 3.0, -1.0, 1.0, 1.0, -1.0, -3.0, -1.0, -3.0, -3.0, 1.0, -1.0, -1.0, -1.0, 1.0, 1.0, -1.0, 3.0, 1.0, 1.0, -1.0, -1.0, 1.0, -5.0, -1.0]	2
136	3s4r	[-1.0, 1.0, -3.0, -1.0, 2.0, -2.0, -3.0, -2.0, 2.0, -2.0, -5.0, 0.0, -2.0, -5.0, -5.0, -1.0, -1.0, -7.0, -1.0, -1.0, -5.0, -5.0, -3.0, -1.0, -5.0, -3.0, -1.0, -3.0]	2
137	3s4r	[0.0, 0.0, 0.0, 0.0, 0.0, 0.0, 0.0, -1.0, -5.0, -1.0, -3.0, -1.0, -1.0, -3.0, -3.0, -1.0, 1.0, -3.0, -1.0, 3.0, -1.0, 0.0, 0.0, 0.0, 0.0, 0.0, 0.0, 0.0]	2
138	3ssu	[-2.0, -5.0, -5.0, -1.0, -1.0, -7.0, -1.0, -1.0, -5.0, -5.0, -3.0, -1.0, -5.0, -3.0, -1.0, -3.0, -1.0, -5.0, -1.0, -3.0, -1.0, -1.0, -3.0, -3.0, -1.0, 1.0, -3.0, -1.0]	2
139	3ssu	[0.0, 0.0, 0.0, 0.0, 0.0, 0.0, 0.0, 0.0, 0.0, 0.0, 3.0, -1.0, -3.0, -1.0, 0.0, 0.0, 0.0, 0.0, 0.0, 0.0, 0.0, 0.0, 0.0, 0.0, 0.0, 0.0, 0.0, 0.0]	2
140	3swk	[-1.0, -3.0, -4.0, -1.0, -1.0, -7.0, -1.0, -1.0, -5.0, -5.0, -3.0, -1.0, -5.0, -3.0, -1.0, -3.0, -1.0, -5.0, -1.0, -3.0, -1.0, -1.0, -3.0, -3.0, -1.0, 1.0, -3.0, -1.0]	2
141	3swk	[3.0, -1.0, -3.0, -1.0, 1.0, -5.0, -3.0, -1.0, -1.0, -5.0, -3.0, -1.0, -3.0, -3.0, -3.0, -3.0, -3.0, -3.0, -3.0, -7.0, -1.0, -1.0, -5.0, -5.0, -1.0, -1.0, -7.0, -1.0]	2
142	3swk	[-1.0, -3.0, -1.0, -1.0, 1.0, -1.0, 1.0, 1.0, -3.0, 1.0, -1.0, -1.0, -5.0, -1.0, -1.0, -5.0, -5.0, -1.0, 1.0, -3.0, 1.0, 1.0, -1.0, 1.0, 1.0, 0.0, 0.0, 0.0]	2
143	3swy	[1.0, -3.0, -5.0, 1.0, 1.0, -5.0, -1.0, 1.0, -3.0, -5.0, -1.0, 1.0, -5.0, -1.0, 3.0, 1.0, -1.0, 0.0, 4.0, 1.0, 0.0, -2.0, 2.0, -1.0, -2.0, -2.0, -3.0, -1.0]	3
144	3swy	[0.0, 0.0, 0.0, 0.0, 0.0, 0.0, 0.0, 0.0, 0.0, 0.0, -3.0, -1.0, -5.0, -1.0, -1.0, -5.0, -5.0, 0.0, 0.0, 0.0, 0.0, 0.0, 0.0, 0.0, 0.0, 0.0, 0.0, 0.0]	3
145	3t97	[0.0, 0.0, 0.0, 1.0, -1.0, -3.0, 1.0, -1.0, -3.0, -1.0, -1.0, -5.0, -3.0, -1.0, -3.0, -4.0, 2.0, 1.0, -4.0, -2.0, 2.0, -1.0, -6.0, 0.0, 0.0, 0.0, 0.0, 0.0]	3
146	3trt	[0.0, 0.0, 0.0, -1.0, -5.0, -3.0, -1.0, -3.0, -7.0, -4.0, -4.0, -7.0, -6.0, -4.0, -4.0, -7.0, -2.0, -2.0, -4.0, -4.0, -1.0, 0.0, -4.0, 2.0, 0.0, 0.0, 0.0, 0.0]	2
147	3tsi	[5.0, 0.0, -2.0, 1.0, 2.0, 0.0, 0.0, 3.0, 3.0, 3.0, 1.0, 2.0, 4.0, 0.0, 3.0, 0.0, -2.0, -3.0, -1.0, 1.0, -5.0, -1.0, 3.0, -1.0, -3.0, 1.0, 3.0, 0.0]	4
148	3tyy	[-1.0, -3.0, -3.0, -1.0, 1.0, -5.0, -3.0, -1.0, -3.0, -7.0, -2.0, -2.0, -5.0, -4.0, 0.0, -2.0, -3.0, 0.0, 0.0, 1.0, 1.0, 3.0, 1.0, 3.0, 1.0, 1.0, 1.0, 4.0]	2
149	3tyy	[0.0, 0.0, 0.0, 0.0, 0.0, 0.0, 0.0, 0.0, 0.0, 0.0, -2.0, -1.0, 0.0, 2.0, -2.0, -1.0, 2.0, 0.0, 0.0, 0.0, 0.0, 0.0, 0.0, 0.0, 0.0, 0.0, 0.0, 0.0]	2
150	3uia	[1.0, -1.0, -2.0, 3.0, 3.0, -1.0, -1.0, 3.0, -1.0, -3.0, -1.0, 1.0, -3.0, -3.0, 1.0, -1.0, -1.0, 1.0, 1.0, -1.0, -1.0, 3.0, -3.0, -1.0, 1.0, -1.0, 1.0, 1.0]	3
151	3uia	[0.0, 0.0, 0.0, 5.0, 1.0, 1.0, 3.0, 1.0, 1.0, 1.0, 1.0, 3.0, -1.0, 3.0, 1.0, 1.0, 2.0, 2.0, 1.0, -2.0, 0.0, -2.0, -3.0, 0.0, 0.0, 0.0, 0.0, 0.0]	3
152	3v2p	[2.0, -4.0, -3.0, -1.0, -1.0, -3.0, -1.0, -1.0, -3.0, 1.0, -1.0, -3.0, 1.0, 3.0, -1.0, -5.0, -1.0, 1.0, -3.0, -5.0, 1.0, -1.0, -3.0, -1.0, -1.0, -1.0, -3.0, 1.0]	5
153	3v2p	[0.0, 0.0, 0.0, 0.0, 0.0, 0.0, 0.0, 0.0, 0.0, 0.0, 1.0, -3.0, 1.0, 1.0, -1.0, 1.0, 0.0, 0.0, 0.0, 0.0, 0.0, 0.0, 0.0, 0.0, 0.0, 0.0, 0.0, 0.0]	5
154	3v2r	[2.0, -4.0, -3.0, -1.0, -1.0, -3.0, -1.0, -1.0, -3.0, 1.0, -1.0, -3.0, 1.0, 3.0, -1.0, -5.0, -1.0, 1.0, -3.0, -5.0, 1.0, -1.0, -3.0, -1.0, -1.0, -1.0, -3.0, 1.0]	5
155	3v2r	[0.0, 0.0, 0.0, 0.0, 0.0, 0.0, 0.0, 0.0, 0.0, 0.0, 1.0, -3.0, 1.0, 1.0, -1.0, 1.0, 0.0, 0.0, 0.0, 0.0, 0.0, 0.0, 0.0, 0.0, 0.0, 0.0, 0.0, 0.0]	5
156	3vie	[0.0, 0.0, 0.0, 1.0, -1.0, -1.0, 1.0, 1.0, -1.0, -1.0, 3.0, -3.0, -1.0, 1.0, -1.0, 1.0, 1.0, 5.0, 1.0, 1.0, 3.0, 1.0, 1.0, 1.0, 0.0, 0.0, 0.0, 0.0]	6
157	3vir	[1.0, -1.0, -3.0, 1.0, 3.0, -3.0, -1.0, -1.0, 1.0, -3.0, -5.0, -3.0, -3.0, -3.0, -7.0, -3.0, -1.0, -3.0, -5.0, 1.0, -1.0, -3.0, -2.0, 0.0, -3.0, -2.0, 0.0, -4.0]	4
158	3vir	[-3.0, 0.0, 0.0, -1.0, 3.0, 5.0, 3.0, 3.0, 5.0, 7.0, 3.0, 1.0, 1.0, 1.0, -1.0, -3.0, -3.0, -1.0, -3.0, -3.0, -1.0, -1.0, -1.0, -1.0, 0.0, 0.0, 0.0, 0.0]	4
159	3vop	[-1.0, -5.0, -5.0, -1.0, -1.0, -7.0, -1.0, -1.0, -5.0, -5.0, -1.0, -1.0, -7.0, -1.0, -1.0, -5.0, -3.0, 1.0, -1.0, -5.0, -1.0, -1.0, -5.0, -3.0, 1.0, -1.0, -3.0, -1.0]	3
160	3vp8	[-1.0, -3.0, -3.0, 3.0, 1.0, -3.0, -1.0, 3.0, 1.0, -3.0, 1.0, 1.0, -3.0, -3.0, -1.0, 1.0, -5.0, -2.0, -2.0, -3.0, -4.0, -4.0, -2.0, -5.0, -4.0, -5.0, -4.0, -3.0]	4
161	3vp8	[-4.0, -4.0, -2.0, -5.0, -2.0, -2.0, 1.0, -3.0, -1.0, 1.0, -3.0, -1.0, -1.0, -1.0, -3.0, -1.0, 0.0, -6.0, -1.0, 0.0, -2.0, -2.0, -3.0, 0.0, -4.0, -1.0, -3.0, -5.0]	4
162	3vp8	[0.0, 0.0, 0.0, 0.0, 0.0, 0.0, 0.0, 0.0, 0.0, 0.0, -1.0, -2.0, -4.0, -5.0, -2.0, 0.0, -4.0, 0.0, 0.0, 0.0, 0.0, 0.0, 0.0, 0.0, 0.0, 0.0, 0.0, 0.0]	4
163	3vtq	[0.0, 0.0, 0.0, 1.0, -1.0, -1.0, 1.0, 1.0, -1.0, -1.0, 3.0, -3.0, -1.0, 1.0, -1.0, 1.0, 1.0, 5.0, 1.0, 1.0, 3.0, 1.0, 1.0, 1.0, 0.0, 0.0, 0.0, 0.0]	6
164	3zy0	[0.0, 0.0, 0.0, 0.0, 0.0, 0.0, 0.0, 1.0, -2.0, -2.0, 0.0, 1.0, -3.0, 0.0, -2.0, -2.0, -1.0, 0.0, 0.0, 0.0, 0.0, 0.0, 0.0, 0.0, 0.0, 0.0, 0.0, 0.0]	4
165	4bhv	[3.0, -3.0, -1.0, -1.0, -1.0, -5.0, -3.0, -1.0, -5.0, -5.0, -1.0, -1.0, -5.0, -1.0, 3.0, 1.0, -1.0, 1.0, 3.0, 1.0, 1.0, 3.0, -1.0, 3.0, -1.0, -3.0, -3.0, -1.0]	4
166	4bhv	[0.0, 0.0, 0.0, 0.0, 0.0, 0.0, 0.0, -1.0, -7.0, -3.0, -3.0, -3.0, -5.0, -3.0, -1.0, -5.0, -3.0, 0.0, 0.0, 0.0, 0.0, 0.0, 0.0, 0.0, 0.0, 0.0, 0.0, 0.0]	4
167	4bl6	[-1.0, -3.0, -3.0, 1.0, 1.0, -3.0, 1.0, 1.0, -3.0, -1.0, -1.0, 1.0, 0.0, 0.0, 3.0, 0.0, 2.0, 2.0, 3.0, 0.0, 1.0, 2.0, 1.0, -4.0, 0.0, 0.0, -5.0, -2.0]	4
168	4bl6	[0.0, -3.0, -5.0, -1.0, -1.0, -5.0, 1.0, -1.0, -3.0, -3.0, -1.0, -3.0, -5.0, -1.0, -3.0, -7.0, -3.0, -1.0, -3.0, -3.0, 3.0, 3.0, -1.0, -1.0, 3.0, 1.0, 1.0, 1.0]	4
169	4bl6	[0.0, 0.0, 0.0, 0.0, 0.0, 0.0, 0.0, 0.0, 0.0, 0.0, 1.0, -1.0, -1.0, -1.0, -1.0, -3.0, 0.0, 0.0, 0.0, 0.0, 0.0, 0.0, 0.0, 0.0, 0.0, 0.0, 0.0, 0.0]	4
170	4bry	[0.0, -3.0, -4.0, 0.0, -1.0, -5.0, -3.0, 1.0, -2.0, -4.0, -1.0, 2.0, -2.0, -2.0, 1.0, 0.0, -4.0, -3.0, -1.0, -5.0, -5.0, -3.0, -3.0, -7.0, -3.0, -3.0, -5.0, -7.0]	2
171	4bry	[-3.0, -1.0, -5.0, -3.0, -1.0, -3.0, -3.0, -3.0, -1.0, -5.0, -3.0, -1.0, -5.0, -3.0, 1.0, -1.0, -3.0, 1.0, 3.0, -2.0, 0.0, 3.0, 0.0, -2.0, 4.0, 1.0, -2.0, 2.0]	2
172	4bwn	[-1.0, -3.0, -4.0, -1.0, -1.0, -7.0, -1.0, -1.0, -5.0, -3.0, 1.0, 1.0, -1.0, 1.0, 1.0, -1.0, 1.0, 3.0, -1.0, -1.0, 1.0, -1.0, -5.0, -3.0, 1.0, -1.0, -7.0, -3.0]	2
173	4bwn	[-3.0, -3.0, -3.0, -1.0, -1.0, -3.0, 1.0, 0.0, 0.0, 3.0, 2.0, 2.0, 0.0, 1.0, 2.0, 0.0, 4.0, -2.0, 1.0, 0.0, 0.0, 0.0, -1.0, 2.0, -4.0, -1.0, -1.0, -1.0]	2
174	4bwn	[-5.0, -3.0, -1.0, -1.0, -5.0, -3.0, -1.0, -3.0, -3.0, -1.0, -1.0, -3.0, -3.0, -1.0, -3.0, -5.0, 1.0, -1.0, -5.0, -5.0, -2.0, -2.0, -7.0, -2.0, -2.0, 0.0, 0.0, 0.0]	2
175	4c46	[1.0, -1.0, -3.0, 1.0, 2.0, -4.0, -1.0, 2.0, -2.0, -4.0, -1.0, 2.0, -4.0, -1.0, 1.0, -3.0, -1.0, 1.0, 1.0, -1.0, 1.0, -1.0, -3.0, -3.0, 1.0, -3.0, -3.0, 1.0]	3
176	4c46	[-2.0, 0.0, -1.0, 2.0, 2.0, -2.0, 3.0, 0.0, 0.0, -1.0, -1.0, 1.0, -5.0, 1.0, 1.0, -1.0, -3.0, 1.0, 2.0, -4.0, -1.0, 2.0, -2.0, -4.0, -1.0, 2.0, -4.0, -1.0]	3
177	4c46	[0.0, 0.0, 0.0, 0.0, 0.0, 0.0, 0.0, 0.0, 0.0, 0.0, 1.0, -3.0, -1.0, 1.0, 0.0, 0.0, 0.0, 0.0, 0.0, 0.0, 0.0, 0.0, 0.0, 0.0, 0.0, 0.0, 0.0, 0.0]	3
178	4c7n	[-3.0, -5.0, -5.0, -3.0, -3.0, -7.0, -3.0, -3.0, -7.0, -3.0, -3.0, -5.0, -5.0, -1.0, 1.0, -3.0, -1.0, 1.0, 1.0, -3.0, 1.0, 1.0, 1.0, -1.0, -1.0, 1.0, -3.0, 1.0]	2
179	4cgc	[0.0, 0.0, 0.0, -1.0, -3.0, -3.0, 1.0, -1.0, -5.0, -1.0, -3.0, -5.0, -7.0, -4.0, -4.0, -5.0, -2.0, -4.0, -2.0, 1.0, 0.0, 0.0, 0.0, 0.0, 0.0, 0.0, 0.0, 0.0]	3
180	4dmd	[0.0, 0.0, 0.0, 1.0, -3.0, -5.0, -1.0, 0.0, -4.0, -3.0, 0.0, -4.0, -4.0, -3.0, 0.0, -4.0, -1.0, 1.0, -3.0, -1.0, 1.0, 3.0, 0.0, 0.0, 0.0, 0.0, 0.0, 0.0]	2
181	4dme	[0.0, 0.0, 0.0, 1.0, -3.0, -5.0, -1.0, 0.0, -4.0, -3.0, 0.0, -4.0, -4.0, -3.0, 0.0, -4.0, -1.0, 1.0, -3.0, -1.0, 1.0, 3.0, -1.0, -1.0, 0.0, 0.0, 0.0, 0.0]	3
182	4g1a	[0.0, 0.0, 0.0, 2.0, 1.0, 1.0, 2.0, 3.0, 1.0, 3.0, 1.0, -1.0, -1.0, 1.0, 3.0, 1.0, 3.0, 1.0, -1.0, -1.0, 1.0, 3.0, 1.0, 3.0, 0.0, 0.0, 0.0, 0.0]	3
183	4gkw	[-1.0, -3.0, -3.0, -3.0, -1.0, -5.0, -3.0, -3.0, -7.0, -5.0, -3.0, -3.0, -7.0, -3.0, -3.0, -5.0, -7.0, -3.0, -3.0, -5.0, -1.0, -1.0, -1.0, -1.0, 5.0, 1.0, -1.0, 1.0]	2
184	4gkw	[1.0, -1.0, -3.0, -1.0, -1.0, -5.0, -1.0, -3.0, -3.0, -3.0, -3.0, -1.0, -3.0, -3.0, -3.0, -3.0, -3.0, -3.0, -1.0, -1.0, -1.0, -1.0, -1.0, -1.0, -1.0, 5.0, -1.0, 1.0]	2
185	4gkw	[1.0, -1.0, -1.0, -1.0, 1.0, -5.0, -1.0, -1.0, -5.0, -3.0, 1.0, -1.0, -5.0, -1.0, -1.0, -5.0, -5.0, -3.0, -5.0, -7.0, -7.0, -7.0, -5.0, -5.0, -5.0, -3.0, -5.0, -1.0]	2
186	4gkw	[-1.0, -1.0, -1.0, 1.0, 1.0, -1.0, -1.0, 3.0, -3.0, -1.0, -3.0, -3.0, -3.0, -1.0, -3.0, -5.0, -1.0, -1.0, -5.0, -3.0, 1.0, 1.0, -3.0, 1.0, 1.0, -1.0, -1.0, 1.0]	2
187	4gkw	[1.0, -3.0, -1.0, -3.0, -3.0, -5.0, -3.0, 1.0, -3.0, -3.0, -1.0, 1.0, -3.0, -1.0, 1.0, -3.0, -3.0, -1.0, -1.0, -3.0, -3.0, -1.0, -5.0, -1.0, -3.0, -5.0, -3.0, -3.0]	2
188	4gkw	[0.0, 0.0, 0.0, 0.0, 0.0, 0.0, 0.0, 0.0, 0.0, 0.0, -1.0, -5.0, -2.0, 0.0, -1.0, -2.0, -4.0, 0.0, 0.0, 0.0, 0.0, 0.0, 0.0, 0.0, 0.0, 0.0, 0.0, 0.0]	2
189	4h7r	[1.0, 2.0, -1.0, 3.0, 1.0, -1.0, 3.0, 3.0, 1.0, -3.0, 3.0, 1.0, -1.0, 3.0, 3.0, 3.0, -1.0, 3.0, 3.0, 1.0, 5.0, 3.0, 3.0, 1.0, 4.0, 0.0, 0.0, 0.0]	4
190	4h8o	[1.0, 2.0, -1.0, 3.0, 1.0, -1.0, 3.0, 3.0, 2.0, -2.0, 3.0, 2.0, 0.0, 4.0, 3.0, 2.0, -2.0, 1.0, -1.0, -1.0, 1.0, 1.0, -1.0, -1.0, 0.0, 0.0, 0.0, 0.0]	6
191	4jnu	[0.0, 0.0, 0.0, 0.0, 0.0, 0.0, 0.0, 1.0, -3.0, -1.0, 5.0, 1.0, -3.0, -1.0, 3.0, -1.0, -5.0, 1.0, -1.0, -3.0, -1.0, 0.0, 0.0, 0.0, 0.0, 0.0, 0.0, 0.0]	4
192	4jnv	[0.0, 0.0, 0.0, 0.0, 0.0, 0.0, 0.0, 0.0, 0.0, 0.0, 1.0, -3.0, -1.0, 5.0, 1.0, 0.0, 0.0, 0.0, 0.0, 0.0, 0.0, 0.0, 0.0, 0.0, 0.0, 0.0, 0.0, 0.0]	4
193	4jzp	[1.0, 1.0, 0.0, -1.0, 3.0, -3.0, -1.0, -3.0, -3.0, -5.0, -3.0, -3.0, -5.0, -3.0, -3.0, -1.0, -5.0, 1.0, -1.0, -3.0, -3.0, -1.0, 1.0, -5.0, -3.0, -1.0, -3.0, -5.0]	2
194	4jzp	[0.0, 0.0, 0.0, -3.0, -1.0, -5.0, -3.0, -3.0, -5.0, -5.0, -1.0, 1.0, -3.0, 0.0, 0.0, -1.0, -2.0, -2.0, -2.0, -1.0, 0.0, -4.0, 0.0, 0.0, 0.0, 0.0, 0.0, 0.0]	2
195	4kvt	[1.0, 2.0, -1.0, 3.0, 1.0, -1.0, 3.0, 3.0, 1.0, -3.0, 3.0, 1.0, -1.0, 3.0, 3.0, 3.0, -1.0, 3.0, 3.0, 1.0, 5.0, 3.0, 3.0, 1.0, 0.0, 0.0, 0.0, 0.0]	6
196	4l9u	[-1.0, -3.0, -3.0, -3.0, -1.0, -3.0, 1.0, -3.0, -1.0, 1.0, -1.0, -1.0, -2.0, 4.0, -1.0, -2.0, -2.0, 0.0, -1.0, -6.0, 0.0, -1.0, -3.0, -3.0, -3.0, -1.0, -5.0, -3.0]	2
197	4l9u	[0.0, 0.0, 0.0, 0.0, 0.0, 0.0, 0.0, 0.0, 0.0, 0.0, -3.0, -1.0, -1.0, -3.0, -1.0, 1.0, -3.0, 0.0, 0.0, 0.0, 0.0, 0.0, 0.0, 0.0, 0.0, 0.0, 0.0, 0.0]	2
198	4lku	[0.0, 0.0, 0.0, 3.0, 0.0, 1.0, 1.0, 0.0, -1.0, 0.0, 0.0, -2.0, -3.0, 1.0, -1.0, -3.0, 1.0, 3.0, -1.0, -5.0, -1.0, -1.0, -5.0, -5.0, 0.0, 0.0, 0.0, 0.0]	5
199	4m3l	[0.0, 0.0, 0.0, 0.0, 0.0, 0.0, 0.0, 0.0, 0.0, 0.0, 1.0, -3.0, -3.0, 3.0, 1.0, -5.0, -2.0, 0.0, 0.0, 0.0, 0.0, 0.0, 0.0, 0.0, 0.0, 0.0, 0.0, 0.0]	4
200	4n3y	[0.0, 0.0, 0.0, -1.0, -5.0, -1.0, 1.0, -3.0, -5.0, -1.0, 1.0, -5.0, -1.0, 1.0, -3.0, -1.0, 1.0, 3.0, -1.0, -1.0, 3.0, -1.0, -3.0, 1.0, 0.0, 0.0, 0.0, 0.0]	3
201	4n6j	[-2.0, -1.0, -1.0, -1.0, 1.0, -3.0, 3.0, 0.0, 2.0, 1.0, 2.0, 2.0, -2.0, 1.0, 0.0, 0.0, -5.0, -3.0, -1.0, -3.0, -7.0, -3.0, -1.0, -1.0, -5.0, -3.0, 1.0, -1.0]	2
202	4n6j	[0.0, 0.0, 0.0, 0.0, 0.0, 0.0, 0.0, -4.0, 0.0, 1.0, -1.0, -1.0, 2.0, 0.0, -3.0, 1.0, -1.0, -2.0, 0.0, 0.0, 0.0, 0.0, 0.0, 0.0, 0.0, 0.0, 0.0, 0.0]	2
203	4nj0	[0.0, 0.0, 0.0, 1.0, -3.0, -5.0, -1.0, 0.0, -4.0, -3.0, 0.0, -4.0, -4.0, -3.0, 0.0, -4.0, -1.0, 1.0, -3.0, -1.0, 1.0, 3.0, 0.0, 0.0, 0.0, 0.0, 0.0, 0.0]	2
204	4nj1	[0.0, 0.0, 0.0, 1.0, -3.0, -5.0, -1.0, 0.0, -4.0, -3.0, 0.0, -4.0, -4.0, -3.0, 0.0, -4.0, -1.0, 1.0, -3.0, -1.0, 1.0, 3.0, 0.0, 0.0, 0.0, 0.0, 0.0, 0.0]	2
205	4nj2	[0.0, 0.0, 0.0, 1.0, -3.0, -5.0, -1.0, 0.0, -4.0, -3.0, 0.0, -4.0, -4.0, -3.0, 0.0, -4.0, -1.0, 1.0, -3.0, -1.0, 1.0, 3.0, -1.0, -1.0, 0.0, 0.0, 0.0, 0.0]	2
206	4owi	[0.0, 0.0, 0.0, 3.0, 1.0, -1.0, -1.0, 4.0, 2.0, 1.0, 0.0, 2.0, 2.0, -1.0, 2.0, 0.0, 3.0, 1.0, -1.0, 1.0, 1.0, 0.0, 0.0, 0.0, 0.0, 0.0, 0.0, 0.0]	2
207	4oxm	[1.0, -1.0, -3.0, 1.0, 1.0, -5.0, -1.0, 1.0, -3.0, -5.0, -1.0, -1.0, -7.0, -1.0, -1.0, -3.0, -3.0, -1.0, 1.0, -5.0, 1.0, -1.0, -3.0, -2.0, 0.0, 0.0, 0.0, 0.0]	3
208	4pas	[0.0, 0.0, 0.0, -1.0, -1.0, -3.0, -1.0, 1.0, -3.0, -3.0, -1.0, -1.0, -5.0, -3.0, -3.0, -5.0, -5.0, -1.0, -1.0, -7.0, 0.0, 0.0, 0.0, 0.0, 0.0, 0.0, 0.0, 0.0]	2
209	4pn9	[0.0, -1.0, 1.0, 2.0, -3.0, -1.0, 3.0, -1.0, -5.0, 1.0, 1.0, -5.0, -1.0, 3.0, 1.0, -3.0, 1.0, 3.0, -3.0, 1.0, 3.0, 1.0, -3.0, 1.0, 1.0, 0.0, 0.0, 0.0]	6
210	4pna	[0.0, 0.0, 0.0, 5.0, 1.0, -3.0, 1.0, 5.0, 1.0, 1.0, 5.0, 3.0, -1.0, 3.0, 5.0, 1.0, 1.0, 5.0, 1.0, -1.0, 0.0, 0.0, 0.0, 0.0, 0.0, 0.0, 0.0, 0.0]	7
211	4pnd	[0.0, -1.0, 1.0, 2.0, -3.0, -1.0, 3.0, -1.0, -5.0, 1.0, 1.0, -5.0, -1.0, 3.0, 1.0, -3.0, 1.0, 3.0, -3.0, 1.0, 3.0, 1.0, -3.0, 1.0, 1.0, -3.0, 0.0, 0.0]	5
212	4qkw	[3.0, -1.0, -3.0, -1.0, 3.0, 1.0, -3.0, 1.0, 1.0, -3.0, -1.0, -1.0, -1.0, -1.0, 1.0, -1.0, -5.0, 1.0, 1.0, -5.0, -1.0, 1.0, -3.0, -5.0, -1.0, -1.0, -7.0, -1.0]	3
213	4qkw	[-1.0, -5.0, -5.0, -1.0, -1.0, -7.0, -3.0, -3.0, -3.0, -5.0, -3.0, -1.0, -5.0, -1.0, -3.0, -3.0, -3.0, -3.0, -3.0, -7.0, -3.0, -1.0, -5.0, -5.0, 0.0, 0.0, 0.0, 0.0]	3
214	4u5t	[0.0, 3.0, 1.0, 1.0, 1.0, -1.0, -1.0, -1.0, 1.0, -3.0, -5.0, -3.0, -1.0, -1.0, -3.0, 1.0, 1.0, -3.0, -3.0, -1.0, 3.0, -3.0, -1.0, 1.0, -3.0, -1.0, 1.0, 1.0]	2
215	4uot	[1.0, -2.0, 0.0, 5.0, 1.0, -3.0, -1.0, 3.0, -1.0, -3.0, 3.0, -1.0, -3.0, -3.0, 1.0, -1.0, -3.0, 3.0, -1.0, -3.0, -1.0, 1.0, -3.0, -3.0, 0.0, 0.0, 0.0, 0.0]	5
216	4w7y	[1.0, -3.0, -1.0, -1.0, 1.0, -1.0, -3.0, -3.0, -3.0, -3.0, -5.0, -3.0, -1.0, -5.0, -5.0, -3.0, -3.0, -7.0, -3.0, -3.0, -5.0, -5.0, -1.0, -3.0, -5.0, -1.0, -1.0, -5.0]	2
217	4w7y	[-3.0, 1.0, 0.0, -6.0, -2.0, -1.0, -3.0, -4.0, -4.0, -2.0, -5.0, -3.0, -4.0, -6.0, -4.0, -4.0, -4.0, -7.0, -2.0, 0.0, -4.0, -5.0, -2.0, -2.0, -5.0, -3.0, 0.0, 0.0]	2
218	4w7z	[1.0, -3.0, -1.0, -1.0, 1.0, -1.0, -3.0, -3.0, -3.0, -3.0, -5.0, -3.0, -1.0, -5.0, -5.0, -3.0, -3.0, -7.0, -3.0, -3.0, -5.0, -5.0, -1.0, -3.0, -5.0, -1.0, -1.0, -5.0]	4
219	4w7z	[-3.0, 1.0, 1.0, -5.0, -1.0, 1.0, -1.0, -1.0, -3.0, 1.0, -3.0, -1.0, -3.0, -5.0, -3.0, -4.0, -4.0, -7.0, -2.0, 0.0, -4.0, -5.0, -2.0, -2.0, -5.0, -3.0, 0.0, 0.0]	4
220	4w80	[1.0, -3.0, -1.0, -1.0, 1.0, -1.0, -3.0, -3.0, -3.0, -3.0, -5.0, -3.0, -1.0, -5.0, -5.0, -3.0, -3.0, -7.0, -3.0, -3.0, -5.0, -5.0, -1.0, -3.0, -5.0, -1.0, -1.0, -5.0]	4
221	4w80	[-3.0, 1.0, 1.0, -5.0, -1.0, 1.0, -1.0, -1.0, -3.0, 1.0, -3.0, -1.0, -3.0, -5.0, -3.0, -4.0, -4.0, -7.0, -2.0, 0.0, -4.0, -5.0, -2.0, -2.0, -5.0, -3.0, 0.0, 0.0]	4
222	4wba	[1.0, -3.0, -5.0, 1.0, 1.0, -5.0, -3.0, 1.0, -1.0, -5.0, 1.0, -1.0, -3.0, -1.0, 1.0, -3.0, -3.0, 1.0, 1.0, -5.0, -1.0, 3.0, -1.0, -1.0, 3.0, 3.0, -1.0, 1.0]	5
223	4wba	[0.0, 0.0, 0.0, 0.0, 0.0, 0.0, 0.0, 0.0, 0.0, 0.0, 4.0, -2.0, -3.0, 2.0, 0.0, -4.0, 0.0, 0.0, 0.0, 0.0, 0.0, 0.0, 0.0, 0.0, 0.0, 0.0, 0.0, 0.0]	5
224	4wy4	[1.0, -1.0, -3.0, 1.0, 3.0, -3.0, 1.0, 1.0, -1.0, -1.0, -1.0, -3.0, -5.0, -3.0, -3.0, -7.0, -3.0, -3.0, -5.0, -3.0, -5.0, -3.0, -5.0, -1.0, -3.0, -5.0, -3.0, -5.0]	4
225	4wy4	[0.0, 0.0, 0.0, 0.0, 0.0, 0.0, 0.0, -5.0, -7.0, -3.0, -1.0, -5.0, -5.0, -1.0, 1.0, -1.0, -1.0, 1.0, 3.0, 0.0, 0.0, 0.0, 0.0, 0.0, 0.0, 0.0, 0.0, 0.0]	4
226	4ytd	[-1.0, -3.0, -3.0, 1.0, 1.0, -3.0, 1.0, 1.0, -3.0, -1.0, -1.0, 1.0, 0.0, 0.0, 3.0, -2.0, 0.0, 2.0, 1.0, -2.0, -1.0, 2.0, -1.0, -6.0, 0.0, 0.0, -5.0, -3.0]	2
227	4ytd	[-1.0, -3.0, -6.0, -2.0, 0.0, -3.0, 0.0, 0.0, -1.0, -1.0, -1.0, -1.0, -3.0, -1.0, -3.0, -7.0, -3.0, -1.0, -3.0, -4.0, 2.0, 3.0, -2.0, -2.0, 2.0, 1.0, 0.0, 0.0]	2
228	4ytd	[0.0, 0.0, 0.0, 0.0, 0.0, 0.0, 0.0, 1.0, -1.0, -1.0, -1.0, -1.0, -3.0, 1.0, -1.0, -3.0, -3.0, -3.0, -1.0, -5.0, 0.0, 0.0, 0.0, 0.0, 0.0, 0.0, 0.0, 0.0]	2
229	4yto	[3.0, -1.0, 1.0, 3.0, -1.0, -3.0, -1.0, 1.0, -5.0, -3.0, -1.0, -3.0, -7.0, -3.0, -1.0, -1.0, -5.0, -1.0, 3.0, 1.0, 1.0, 3.0, 5.0, 1.0, 1.0, 1.0, -1.0, -3.0]	2
230	4yto	[-2.0, -4.0, -7.0, -4.0, -2.0, -4.0, -5.0, -2.0, -2.0, -5.0, -5.0, -1.0, -1.0, -3.0, -2.0, -2.0, -1.0, -2.0, -2.0, -2.0, -3.0, -4.0, -6.0, -7.0, -5.0, -5.0, -5.0, -3.0]	2
231	4yto	[0.0, 0.0, 0.0, -3.0, -1.0, -3.0, 1.0, -1.0, 1.0, -3.0, 1.0, -1.0, -1.0, -1.0, -1.0, 3.0, -3.0, 1.0, 1.0, -1.0, -1.0, -1.0, 0.0, 0.0, 0.0, 0.0, 0.0, 0.0]	2
232	4yv3	[-1.0, -5.0, -5.0, -1.0, -1.0, -7.0, -1.0, -1.0, -3.0, -1.0, -1.0, 1.0, -1.0, 1.0, 1.0, -3.0, 1.0, -1.0, -1.0, -5.0, -1.0, -1.0, -5.0, -5.0, -1.0, 1.0, -3.0, 1.0]	3
233	4yv3	[0.0, 0.0, 0.0, 0.0, 0.0, 0.0, 0.0, 0.0, 0.0, 0.0, 1.0, -1.0, 1.0, 1.0, 0.0, 0.0, 0.0, 0.0, 0.0, 0.0, 0.0, 0.0, 0.0, 0.0, 0.0, 0.0, 0.0, 0.0]	3
234	5bn0	[0.0, 0.0, 0.0, 0.0, 0.0, 0.0, 0.0, 2.0, -3.0, -3.0, 1.0, -1.0, -5.0, -5.0, -3.0, -5.0, -7.0, -7.0, -7.0, -7.0, -7.0, 0.0, 0.0, 0.0, 0.0, 0.0, 0.0, 0.0]	6
235	5c9n	[0.0, 0.0, 0.0, 0.0, 0.0, 0.0, 0.0, 2.0, -1.0, -2.0, 2.0, 3.0, -3.0, -1.0, -1.0, 1.0, -3.0, -5.0, -3.0, -3.0, -3.0, 0.0, 0.0, 0.0, 0.0, 0.0, 0.0, 0.0]	2
236	5cx2	[-3.0, -5.0, -5.0, -1.0, -1.0, -7.0, -1.0, -1.0, -5.0, -5.0, -1.0, -1.0, -5.0, 1.0, -1.0, -3.0, -1.0, 3.0, -1.0, -3.0, 1.0, -1.0, -3.0, -3.0, -2.0, 0.0, -3.0, -2.0]	4
237	5cx2	[0.0, 0.0, 0.0, 0.0, 0.0, 0.0, 0.0, 0.0, 0.0, 0.0, 0.0, 0.0, -1.0, 0.0, 2.0, -3.0, -1.0, 0.0, 0.0, 0.0, 0.0, 0.0, 0.0, 0.0, 0.0, 0.0, 0.0, 0.0]	4
238	5d3a	[1.0, -1.0, -3.0, -1.0, -1.0, -5.0, -3.0, -1.0, -5.0, -5.0, -5.0, -5.0, -7.0, -3.0, -3.0, -7.0, -5.0, -5.0, -5.0, -7.0, -3.0, -1.0, -5.0, -5.0, -3.0, -1.0, -3.0, -3.0]	2
239	5d3a	[1.0, -3.0, -3.0, -3.0, 1.0, -3.0, -1.0, 1.0, -3.0, -3.0, -1.0, 1.0, -5.0, -1.0, -1.0, -3.0, -3.0, -1.0, 1.0, -4.0, 2.0, -1.0, -2.0, -2.0, 0.0, -1.0, -6.0, 0.0]	2
240	5d3a	[0.0, 0.0, 0.0, 0.0, 0.0, 0.0, 0.0, -1.0, -3.0, -3.0, -1.0, 3.0, -3.0, 1.0, 1.0, -1.0, 1.0, -1.0, 0.0, 0.0, 0.0, 0.0, 0.0, 0.0, 0.0, 0.0, 0.0, 0.0]	2
241	5d60	[-1.0, -1.0, -1.0, 1.0, 1.0, -1.0, 1.0, -3.0, -3.0, -5.0, -1.0, -3.0, -3.0, 1.0, -3.0, -3.0, -3.0, 1.0, 0.0, -4.0, 1.0, 0.0, -4.0, -4.0, -3.0, -2.0, -4.0, -1.0]	4
242	5d60	[0.0, 0.0, 0.0, -1.0, -3.0, -3.0, 1.0, 1.0, -1.0, 1.0, 3.0, -1.0, -1.0, 1.0, 1.0, -1.0, 1.0, -1.0, -3.0, -1.0, 1.0, -5.0, 0.0, 0.0, 0.0, 0.0, 0.0, 0.0]	4
243	5djn	[0.0, 0.0, 0.0, 0.0, 0.0, 0.0, 0.0, 0.0, 0.0, 0.0, -1.0, -1.0, -3.0, 1.0, 3.0, -3.0, -1.0, 0.0, 0.0, 0.0, 0.0, 0.0, 0.0, 0.0, 0.0, 0.0, 0.0, 0.0]	2
244	5ed9	[0.0, 0.0, 0.0, 0.0, 0.0, 0.0, 0.0, 0.0, 0.0, 0.0, 2.0, -2.0, -4.0, 1.0, 4.0, 0.0, 0.0, 0.0, 0.0, 0.0, 0.0, 0.0, 0.0, 0.0, 0.0, 0.0, 0.0, 0.0]	3
245	5eoa	[-1.0, -2.0, -3.0, -3.0, 0.0, -2.0, -2.0, -3.0, 0.0, 0.0, -5.0, -1.0, 3.0, -1.0, -5.0, -1.0, -1.0, -5.0, -3.0, -1.0, -5.0, -3.0, -1.0, -3.0, -3.0, 1.0, -1.0, -3.0]	4
246	5eoa	[-1.0, 3.0, -3.0, -1.0, 1.0, -1.0, -1.0, -3.0, 3.0, -1.0, -1.0, 1.0, -1.0, -1.0, -3.0, -1.0, -3.0, -5.0, -3.0, -5.0, -7.0, -5.0, -3.0, -5.0, -3.0, -1.0, -3.0, -3.0]	4
247	5eoa	[0.0, 0.0, 0.0, 0.0, 0.0, 0.0, 0.0, -3.0, 1.0, -3.0, -5.0, -3.0, -3.0, -1.0, -3.0, 1.0, 1.0, 0.0, 0.0, 0.0, 0.0, 0.0, 0.0, 0.0, 0.0, 0.0, 0.0, 0.0]	4
248	5eof	[-2.0, -3.0, -3.0, -3.0, 0.0, -2.0, -2.0, -3.0, 0.0, 0.0, -5.0, -1.0, 3.0, -1.0, -5.0, -1.0, -1.0, -5.0, -3.0, -1.0, -5.0, -3.0, -1.0, -3.0, -3.0, 1.0, -1.0, -3.0]	4
249	5eof	[-1.0, 3.0, -3.0, -1.0, 1.0, -1.0, -1.0, -3.0, 3.0, -1.0, -1.0, 1.0, -1.0, -1.0, -3.0, -1.0, -3.0, -5.0, -3.0, -5.0, -7.0, -5.0, -3.0, -5.0, -3.0, -1.0, -3.0, -3.0]	4
250	5eof	[0.0, 0.0, 0.0, 0.0, 0.0, 0.0, 0.0, -3.0, 1.0, -3.0, -5.0, -3.0, -3.0, -1.0, -3.0, 1.0, 1.0, -1.0, 0.0, 0.0, 0.0, 0.0, 0.0, 0.0, 0.0, 0.0, 0.0, 0.0]	4
251	5ez8	[0.0, 0.0, 0.0, 5.0, 1.0, -3.0, 1.0, 5.0, 1.0, 1.0, 5.0, 3.0, -1.0, 3.0, 5.0, 1.0, 1.0, 5.0, 1.0, -1.0, 0.0, 0.0, 0.0, 0.0, 0.0, 0.0, 0.0, 0.0]	7
252	5ez9	[0.0, 0.0, 0.0, 0.0, 0.0, 0.0, 0.0, 5.0, 1.0, -3.0, 1.0, 5.0, 1.0, 1.0, 3.0, 1.0, -1.0, 1.0, 3.0, -1.0, 1.0, 0.0, 0.0, 0.0, 0.0, 0.0, 0.0, 0.0]	7
253	5eza	[0.0, 0.0, 0.0, 5.0, 1.0, -3.0, 1.0, 5.0, 1.0, 1.0, 3.0, 1.0, -1.0, 1.0, 3.0, -1.0, 1.0, 3.0, -1.0, -1.0, 0.0, 0.0, 0.0, 0.0, 0.0, 0.0, 0.0, 0.0]	7
254	5ezc	[0.0, 0.0, 0.0, 0.0, 0.0, 0.0, 0.0, 5.0, 1.0, -3.0, 1.0, 5.0, 1.0, 1.0, 3.0, 1.0, -1.0, -1.0, 1.0, -1.0, -1.0, 0.0, 0.0, 0.0, 0.0, 0.0, 0.0, 0.0]	7
255	5fcn	[0.0, 0.0, 0.0, 1.0, -3.0, -5.0, -1.0, 1.0, -3.0, -3.0, 1.0, -1.0, 1.0, -3.0, -1.0, -1.0, 0.0, 0.0, -3.0, -2.0, 0.0, -2.0, -3.0, 0.0, 0.0, 0.0, 0.0, 0.0]	2
256	5h1x	[0.0, 0.0, 0.0, 0.0, 0.0, 0.0, 0.0, 0.0, 0.0, 0.0, 1.0, -1.0, -3.0, 1.0, -1.0, -3.0, -1.0, 0.0, 0.0, 0.0, 0.0, 0.0, 0.0, 0.0, 0.0, 0.0, 0.0, 0.0]	3
257	5jr5	[1.0, -2.0, -4.0, 1.0, 2.0, -2.0, 2.0, 3.0, 2.0, -2.0, 1.0, 0.0, -2.0, -3.0, 0.0, -2.0, -6.0, -3.0, 0.0, -2.0, -3.0, 1.0, 1.0, -1.0, -3.0, 3.0, -1.0, -1.0]	4
258	5jr5	[0.0, 0.0, 0.0, 0.0, 0.0, 0.0, 0.0, 1.0, 1.0, 1.0, -3.0, 1.0, 1.0, -1.0, -3.0, 1.0, 1.0, -1.0, -3.0, 1.0, 0.0, 0.0, 0.0, 0.0, 0.0, 0.0, 0.0, 0.0]	4
259	5k92	[-1.0, -1.0, -2.0, 1.0, 1.0, -1.0, 3.0, 1.0, -1.0, -1.0, 1.0, 1.0, -1.0, 3.0, -1.0, -3.0, -3.0, 1.0, -1.0, -3.0, 3.0, -1.0, -3.0, -1.0, 0.0, 0.0, 0.0, 0.0]	3
260	5mvw	[0.0, -1.0, -1.0, -3.0, 3.0, -1.0, -1.0, -1.0, -3.0, -1.0, -3.0, 1.0, -3.0, -3.0, -1.0, -3.0, -3.0, -1.0, -1.0, -3.0, -3.0, -2.0, -4.0, -5.0, 0.0, -2.0, -4.0, -1.0]	4
261	5mvw	[-2.0, -2.0, -1.0, 1.0, -1.0, -1.0, 1.0, 1.0, -5.0, -1.0, -1.0, -1.0, -5.0, -3.0, -1.0, -1.0, -5.0, -3.0, -1.0, -3.0, -3.0, -1.0, -1.0, -3.0, -1.0, 0.0, 0.0, 0.0]	4
262	5mw0	[1.0, -1.0, -1.0, -3.0, 3.0, -1.0, -1.0, -1.0, -3.0, -1.0, -3.0, 1.0, -3.0, -3.0, -1.0, -3.0, -3.0, -1.0, -1.0, -3.0, -3.0, -2.0, -4.0, -5.0, 0.0, -2.0, -4.0, -1.0]	4
263	5mw0	[-2.0, -2.0, -1.0, 1.0, -1.0, -1.0, 1.0, 1.0, -5.0, -1.0, -1.0, -1.0, -5.0, -3.0, -1.0, -1.0, -5.0, -3.0, -1.0, -3.0, -3.0, -1.0, -1.0, -3.0, -1.0, 0.0, 0.0, 0.0]	4
264	5mwe	[1.0, 0.0, -1.0, -3.0, 3.0, -1.0, -1.0, -1.0, -3.0, -1.0, -3.0, 1.0, -3.0, -3.0, -1.0, -3.0, -3.0, -1.0, -1.0, -3.0, -3.0, -2.0, -4.0, -5.0, 0.0, -2.0, -4.0, -1.0]	4
265	5mwe	[-2.0, -2.0, -1.0, 1.0, -1.0, -1.0, 1.0, 1.0, -5.0, -1.0, -1.0, -1.0, -5.0, -3.0, -1.0, -1.0, -5.0, -3.0, -1.0, -3.0, -3.0, -1.0, -1.0, -3.0, -1.0, 0.0, 0.0, 0.0]	4
266	5ng4	[1.0, -3.0, -5.0, -1.0, 1.0, -3.0, -3.0, 1.0, -1.0, 1.0, -3.0, -1.0, -1.0, 0.0, 0.0, -3.0, -2.0, 0.0, -2.0, -3.0, 0.0, 0.0, -1.0, -3.0, 0.0, 0.0, 0.0, 0.0]	2
267	5oi7	[0.0, -2.0, -5.0, -1.0, -1.0, -5.0, -5.0, -1.0, -3.0, -7.0, -3.0, -3.0, -5.0, -5.0, -1.0, -1.0, -7.0, -1.0, -1.0, -5.0, -5.0, -1.0, 1.0, -5.0, -3.0, -1.0, -1.0, -3.0]	2
268	5oi7	[-5.0, -1.0, -1.0, -1.0, -5.0, -3.0, -1.0, -1.0, -3.0, -5.0, -1.0, -3.0, -5.0, -5.0, -1.0, -3.0, -5.0, -1.0, -1.0, -5.0, -1.0, 3.0, -1.0, -5.0, 1.0, 1.0, -3.0, -1.0]	2
269	5oi7	[0.0, 0.0, 0.0, -1.0, -1.0, -5.0, -1.0, -1.0, -3.0, -3.0, -3.0, -1.0, -3.0, -3.0, 1.0, -3.0, -3.0, -3.0, -1.0, -5.0, -1.0, 0.0, 0.0, 0.0, 0.0, 0.0, 0.0, 0.0]	2
270	5toh	[2.0, 1.0, -1.0, 4.0, 3.0, 1.0, 1.0, 1.0, 1.0, -1.0, 1.0, -1.0, 1.0, 3.0, 1.0, 0.0, 2.0, 5.0, 0.0, 0.0, 2.0, 1.0, -4.0, 0.0, -1.0, -5.0, -5.0, -1.0]	3
271	5toh	[0.0, 0.0, 0.0, -1.0, -7.0, -1.0, -1.0, -5.0, -5.0, -1.0, -1.0, -7.0, -1.0, -1.0, -5.0, -5.0, -1.0, -1.0, -7.0, -1.0, -1.0, -4.0, -2.0, 0.0, 0.0, 0.0, 0.0, 0.0]	3
272	5toi	[2.0, 1.0, 1.0, 1.0, 1.0, -1.0, 1.0, -1.0, 1.0, 3.0, 1.0, 0.0, 2.0, 5.0, 0.0, 0.0, 2.0, 1.0, -4.0, 0.0, -1.0, -5.0, -5.0, -1.0, -1.0, -7.0, -1.0, -1.0]	3
273	5toi	[-5.0, -5.0, -1.0, -1.0, -7.0, -1.0, -1.0, -5.0, -5.0, -1.0, -1.0, -7.0, -1.0, -1.0, -4.0, -2.0, 1.0, 0.0, -2.0, 4.0, 1.0, -2.0, 2.0, 3.0, -1.0, 1.0, 1.0, -1.0]	3
274	5toi	[0.0, 0.0, 0.0, 0.0, 0.0, 0.0, 0.0, 0.0, 0.0, 0.0, -1.0, 3.0, -1.0, -3.0, 3.0, 0.0, 0.0, 0.0, 0.0, 0.0, 0.0, 0.0, 0.0, 0.0, 0.0, 0.0, 0.0, 0.0]	3
275	5uxt	[-1.0, -1.0, -2.0, 1.0, -1.0, -3.0, 3.0, -1.0, -1.0, -1.0, 1.0, 1.0, -3.0, 3.0, -1.0, -3.0, -3.0, -1.0, -1.0, -5.0, 1.0, -1.0, -3.0, -1.0, 3.0, -1.0, -1.0, 3.0]	3
276	5vkf	[1.0, -2.0, -4.0, 1.0, 2.0, -2.0, 2.0, 3.0, 2.0, -2.0, 1.0, 0.0, -2.0, -3.0, 0.0, -2.0, -6.0, -3.0, 0.0, -2.0, -3.0, 1.0, 1.0, -1.0, -3.0, 3.0, -1.0, -1.0]	4
277	5vkf	[0.0, 0.0, 0.0, 0.0, 0.0, 0.0, 0.0, 1.0, 1.0, 1.0, -3.0, 1.0, 1.0, -1.0, -3.0, 1.0, 1.0, -1.0, -3.0, 1.0, 0.0, 0.0, 0.0, 0.0, 0.0, 0.0, 0.0, 0.0]	4
278	5y14	[0.0, -1.0, -1.0, 3.0, 3.0, -1.0, -1.0, 3.0, -1.0, -3.0, -1.0, 1.0, -3.0, -3.0, 1.0, -1.0, -1.0, 1.0, 1.0, -1.0, -1.0, 3.0, -3.0, -1.0, 1.0, -1.0, 1.0, 1.0]	6
279	5y14	[0.0, 0.0, 0.0, 0.0, 0.0, 0.0, 0.0, 0.0, 0.0, 0.0, 5.0, 1.0, 1.0, 3.0, 1.0, 1.0, 1.0, 0.0, 0.0, 0.0, 0.0, 0.0, 0.0, 0.0, 0.0, 0.0, 0.0, 0.0]	6
280	5y2e	[1.0, -3.0, -5.0, 1.0, 1.0, -5.0, -3.0, 1.0, -1.0, -5.0, 1.0, -1.0, -3.0, -1.0, 1.0, -3.0, -3.0, 1.0, 1.0, -5.0, -3.0, 1.0, -1.0, -3.0, 1.0, 1.0, -1.0, -1.0]	4
281	5y2e	[0.0, 0.0, 0.0, 0.0, 0.0, 0.0, 0.0, 0.0, 0.0, 0.0, 1.0, -3.0, -3.0, 1.0, 1.0, -3.0, -1.0, 0.0, 0.0, 0.0, 0.0, 0.0, 0.0, 0.0, 0.0, 0.0, 0.0, 0.0]	4
282	5y2h	[1.0, -3.0, -5.0, 1.0, 1.0, -5.0, -3.0, 1.0, -1.0, -5.0, 1.0, -1.0, -3.0, -1.0, 1.0, -3.0, -3.0, -1.0, -1.0, -5.0, -5.0, -1.0, -3.0, -3.0, -1.0, -1.0, -1.0, -1.0]	4
283	5y2h	[0.0, 0.0, 0.0, 0.0, 0.0, 0.0, 0.0, 0.0, 0.0, 0.0, 1.0, -3.0, -3.0, 1.0, 1.0, -3.0, -1.0, 0.0, 0.0, 0.0, 0.0, 0.0, 0.0, 0.0, 0.0, 0.0, 0.0, 0.0]	4
284	5y2j	[0.0, -3.0, -5.0, 1.0, 1.0, -5.0, -3.0, 1.0, -1.0, -5.0, 1.0, -1.0, -3.0, -1.0, 1.0, -3.0, -3.0, -1.0, -1.0, -5.0, -5.0, -1.0, -3.0, -3.0, -1.0, -1.0, -1.0, -1.0]	4
285	5y2j	[0.0, 0.0, 0.0, 0.0, 0.0, 0.0, 0.0, 0.0, 0.0, 0.0, 1.0, -3.0, -3.0, 1.0, 1.0, -3.0, -1.0, 0.0, 0.0, 0.0, 0.0, 0.0, 0.0, 0.0, 0.0, 0.0, 0.0, 0.0]	4
286	5yb3	[0.0, -3.0, -5.0, 1.0, 1.0, -5.0, -3.0, 1.0, -1.0, -5.0, 1.0, -1.0, -3.0, -1.0, 1.0, -3.0, -3.0, -1.0, -1.0, -5.0, -5.0, -1.0, -3.0, -3.0, -1.0, -1.0, -1.0, -1.0]	6
287	5yb3	[0.0, 0.0, 0.0, 0.0, 0.0, 0.0, 0.0, 0.0, 0.0, 0.0, 1.0, -3.0, -3.0, 1.0, 1.0, -3.0, -1.0, 0.0, 0.0, 0.0, 0.0, 0.0, 0.0, 0.0, 0.0, 0.0, 0.0, 0.0]	6
288	5yb4	[0.0, -3.0, -5.0, 1.0, 1.0, -5.0, -3.0, 1.0, -1.0, -5.0, 1.0, -1.0, -3.0, -1.0, 1.0, -3.0, -3.0, -1.0, -1.0, -5.0, -5.0, -1.0, -3.0, -3.0, -1.0, -1.0, -1.0, -1.0]	6
289	5yb4	[0.0, 0.0, 0.0, 0.0, 0.0, 0.0, 0.0, 0.0, 0.0, 0.0, 1.0, -3.0, -3.0, 1.0, 1.0, -3.0, -1.0, 0.0, 0.0, 0.0, 0.0, 0.0, 0.0, 0.0, 0.0, 0.0, 0.0, 0.0]	6
290	5yr0	[1.0, -1.0, -3.0, -1.0, 1.0, -3.0, -1.0, 1.0, -1.0, -3.0, -1.0, -1.0, -5.0, -1.0, 1.0, -3.0, -5.0, -3.0, -3.0, -5.0, -1.0, -1.0, -3.0, -3.0, 1.0, -1.0, -3.0, 1.0]	2
291	5yr0	[0.0, 0.0, 0.0, 0.0, 0.0, 0.0, 0.0, 0.0, 0.0, 0.0, 1.0, -1.0, -3.0, -1.0, 1.0, -5.0, 1.0, 0.0, 0.0, 0.0, 0.0, 0.0, 0.0, 0.0, 0.0, 0.0, 0.0, 0.0]	2
292	5zcx	[0.0, 0.0, 0.0, 1.0, -1.0, -1.0, 3.0, 3.0, -1.0, -1.0, 3.0, -1.0, -3.0, -1.0, 1.0, -3.0, -3.0, 1.0, -1.0, -1.0, 1.0, 1.0, -1.0, -1.0, 0.0, 0.0, 0.0, 0.0]	6
293	5zvk	[0.0, 0.0, 0.0, 0.0, 0.0, 0.0, 0.0, 1.0, -5.0, -3.0, 1.0, 1.0, -3.0, 1.0, 1.0, 1.0, 1.0, 1.0, 5.0, 1.0, 3.0, 0.0, 0.0, 0.0, 0.0, 0.0, 0.0, 0.0]	6
294	5zvm	[1.0, -5.0, -3.0, 1.0, -1.0, -7.0, -3.0, -3.0, -5.0, -5.0, -1.0, -1.0, -3.0, -1.0, 1.0, -3.0, 1.0, 3.0, 1.0, -3.0, -1.0, 1.0, -3.0, -3.0, 3.0, -1.0, -3.0, -1.0]	6
295	5zvm	[0.0, 0.0, 0.0, 3.0, -1.0, -3.0, 3.0, 1.0, -5.0, -3.0, 1.0, 1.0, -3.0, 1.0, 1.0, -1.0, 1.0, 3.0, 1.0, -1.0, 3.0, 0.0, 0.0, 0.0, 0.0, 0.0, 0.0, 0.0]	6
296	6ado	[-3.0, -5.0, -5.0, -1.0, -1.0, -7.0, -1.0, -1.0, -5.0, -5.0, -1.0, -1.0, -5.0, 1.0, -1.0, -3.0, -1.0, 3.0, -1.0, -3.0, 1.0, -1.0, -3.0, -3.0, -1.0, 1.0, -3.0, -1.0]	4
297	6ado	[0.0, 0.0, 0.0, 0.0, 0.0, 0.0, 0.0, 0.0, 0.0, 0.0, 1.0, 1.0, -1.0, 1.0, 3.0, -3.0, -1.0, 0.0, 0.0, 0.0, 0.0, 0.0, 0.0, 0.0, 0.0, 0.0, 0.0, 0.0]	4
298	6adz	[-3.0, -5.0, -5.0, -1.0, -1.0, -7.0, -1.0, -1.0, -5.0, -5.0, -1.0, -1.0, -5.0, 1.0, -1.0, -3.0, -1.0, 3.0, -1.0, -3.0, 1.0, -1.0, -3.0, -3.0, -1.0, 1.0, -3.0, -1.0]	4
299	6adz	[0.0, 0.0, 0.0, 0.0, 0.0, 0.0, 0.0, 0.0, 0.0, 0.0, 1.0, 1.0, -1.0, 1.0, 3.0, -3.0, -1.0, 0.0, 0.0, 0.0, 0.0, 0.0, 0.0, 0.0, 0.0, 0.0, 0.0, 0.0]	4
300	6ah6	[-3.0, -5.0, -5.0, -1.0, -1.0, -7.0, -1.0, -1.0, -5.0, -5.0, -1.0, -1.0, -5.0, 1.0, -1.0, -3.0, -1.0, 3.0, -1.0, -3.0, 1.0, -1.0, -3.0, -3.0, -1.0, 1.0, -3.0, -1.0]	4
301	6ah6	[0.0, 0.0, 0.0, 0.0, 0.0, 0.0, 0.0, 0.0, 0.0, 0.0, 1.0, 1.0, -1.0, 1.0, 3.0, -3.0, -1.0, 0.0, 0.0, 0.0, 0.0, 0.0, 0.0, 0.0, 0.0, 0.0, 0.0, 0.0]	4
302	6akl	[0.0, 0.0, 0.0, 0.0, 0.0, 0.0, 0.0, 1.0, 1.0, -1.0, -1.0, 4.0, 0.0, -3.0, -2.0, 0.0, 0.0, -5.0, -2.0, 2.0, 1.0, 0.0, 0.0, 0.0, 0.0, 0.0, 0.0, 0.0]	3
303	6ano	[1.0, -1.0, -3.0, 3.0, 1.0, -1.0, 1.0, 1.0, 1.0, -5.0, -1.0, -3.0, -3.0, -5.0, -3.0, -3.0, -7.0, -3.0, -3.0, -3.0, -3.0, -3.0, -1.0, -5.0, -3.0, -5.0, -5.0, 0.0]	2
304	6bl7	[-2.0, -4.0, -4.0, -3.0, -2.0, -4.0, -1.0, -2.0, -4.0, -2.0, -3.0, -4.0, -4.0, -1.0, -1.0, -5.0, -5.0, -2.0, -2.0, -5.0, -4.0, -2.0, -4.0, -6.0, -5.0, -4.0, -4.0, -5.0]	2
305	6bl7	[-1.0, -3.0, -3.0, -3.0, -2.0, -2.0, -3.0, -2.0, -4.0, -4.0, -2.0, -3.0, -6.0, 0.0, -1.0, -5.0, -5.0, -1.0, -1.0, -7.0, -3.0, -3.0, -3.0, -5.0, -3.0, -1.0, -5.0, -3.0]	2
306	6bl7	[-5.0, -1.0, -3.0, -3.0, -1.0, -5.0, -1.0, -3.0, -3.0, -3.0, -1.0, 1.0, -5.0, -1.0, 1.0, -3.0, -3.0, -1.0, 1.0, -5.0, -2.0, -2.0, -3.0, -4.0, -2.0, 0.0, -5.0, -2.0]	2
307	6c4x	[0.0, 0.0, 0.0, 0.0, 0.0, 0.0, 0.0, 0.0, 0.0, 0.0, 7.0, 5.0, 3.0, 5.0, 0.0, 0.0, 0.0, 0.0, 0.0, 0.0, 0.0, 0.0, 0.0, 0.0, 0.0, 0.0, 0.0, 0.0]	8
308	6c51	[0.0, 0.0, 0.0, 3.0, 0.0, -3.0, 1.0, 5.0, -1.0, -1.0, 5.0, 1.0, -3.0, 1.0, 5.0, -1.0, -1.0, 5.0, 1.0, -3.0, 1.0, 5.0, 0.0, 0.0, 0.0, 0.0, 0.0, 0.0]	4
309	6c52	[0.0, 0.0, 0.0, -1.0, -4.0, -5.0, -1.0, -1.0, -7.0, -1.0, -1.0, -5.0, -5.0, -1.0, -1.0, -7.0, -1.0, -1.0, -5.0, -5.0, -1.0, 1.0, 0.0, 0.0, 0.0, 0.0, 0.0, 0.0]	4
310	6eik	[0.0, 0.0, 0.0, 0.0, 0.0, 0.0, 0.0, 5.0, 1.0, -3.0, 1.0, 5.0, 1.0, 1.0, 5.0, 3.0, -1.0, 1.0, 3.0, 1.0, -1.0, 0.0, 0.0, 0.0, 0.0, 0.0, 0.0, 0.0]	7
311	6eiz	[0.0, -1.0, 1.0, 2.0, -3.0, -1.0, 3.0, -1.0, -5.0, 1.0, 1.0, -5.0, -1.0, 3.0, 1.0, -3.0, 1.0, 3.0, -3.0, 1.0, 3.0, 1.0, -3.0, 1.0, 1.0, -3.0, 0.0, 0.0]	6
312	6f63	[1.0, 0.0, -3.0, 1.0, 1.0, -5.0, -1.0, 1.0, -1.0, -1.0, 1.0, 1.0, -3.0, 3.0, 3.0, -1.0, 1.0, 3.0, -1.0, -3.0, -1.0, 1.0, -5.0, -3.0, -1.0, -3.0, -7.0, -3.0]	4
313	6f63	[-1.0, -1.0, -5.0, -1.0, 3.0, 1.0, 1.0, 3.0, 5.0, 1.0, 1.0, 1.0, -1.0, -3.0, -2.0, -4.0, -7.0, -4.0, -2.0, -4.0, -5.0, -2.0, -2.0, -5.0, -5.0, -1.0, -1.0, -3.0]	4
314	6f63	[-2.0, -2.0, -1.0, -2.0, -2.0, -2.0, -3.0, -4.0, -6.0, -7.0, -5.0, -5.0, -5.0, -3.0, -3.0, -1.0, -3.0, 1.0, -1.0, 1.0, -3.0, 1.0, -1.0, -1.0, -1.0, -1.0, 3.0, -3.0]	4
315	6f63	[0.0, 0.0, 0.0, 0.0, 0.0, 0.0, 0.0, 0.0, 0.0, 0.0, 1.0, 1.0, -1.0, -1.0, -1.0, 1.0, 0.0, 0.0, 0.0, 0.0, 0.0, 0.0, 0.0, 0.0, 0.0, 0.0, 0.0, 0.0]	4
316	6f6p	[1.0, -1.0, -2.0, -1.0, 2.0, -4.0, -3.0, 0.0, -2.0, -6.0, -3.0, 0.0, 0.0, -5.0, -1.0, 1.0, -3.0, -3.0, -1.0, 1.0, -3.0, -1.0, -3.0, -3.0, -5.0, -1.0, -3.0, -5.0]	4
317	6f6p	[-1.0, -3.0, -5.0, -3.0, -1.0, -3.0, -5.0, -1.0, 1.0, -5.0, -3.0, 1.0, -1.0, -5.0, -1.0, 1.0, -1.0, -3.0, -1.0, 3.0, -3.0, -1.0, 1.0, 1.0, -3.0, -1.0, 3.0, -1.0]	4
318	6f6p	[-5.0, 1.0, 1.0, -3.0, -1.0, -1.0, 1.0, -3.0, -1.0, -1.0, -3.0, -1.0, -3.0, -1.0, -5.0, -1.0, -1.0, -3.0, -3.0, -1.0, 1.0, -3.0, 3.0, -1.0, 1.0, 1.0, 1.0, 3.0]	4
319	6f6p	[0.0, 0.0, 0.0, 0.0, 0.0, 0.0, 0.0, 0.0, 0.0, 0.0, 1.0, 5.0, 1.0, 1.0, 3.0, 3.0, 3.0, 0.0, 0.0, 0.0, 0.0, 0.0, 0.0, 0.0, 0.0, 0.0, 0.0, 0.0]	4
320	6g66	[0.0, 0.0, 0.0, 5.0, 1.0, -3.0, 1.0, 5.0, 1.0, 1.0, 5.0, 3.0, -1.0, 3.0, 5.0, 1.0, 1.0, 5.0, 1.0, -1.0, 0.0, 0.0, 0.0, 0.0, 0.0, 0.0, 0.0, 0.0]	7
321	6g6f	[0.0, 0.0, 0.0, 5.0, 1.0, -3.0, 1.0, 5.0, 1.0, 1.0, 5.0, 3.0, -1.0, 3.0, 5.0, 1.0, 1.0, 5.0, 1.0, -1.0, 0.0, 0.0, 0.0, 0.0, 0.0, 0.0, 0.0, 0.0]	8
322	6g6h	[1.0, -2.0, 0.0, 5.0, 1.0, -3.0, -1.0, 3.0, -1.0, -3.0, 3.0, -1.0, -3.0, -3.0, 1.0, -1.0, -3.0, 3.0, -1.0, -3.0, -1.0, 1.0, -3.0, -3.0, 0.0, 0.0, 0.0, 0.0]	5
323	6gaj	[1.0, 1.0, -1.0, 3.0, 3.0, -1.0, 1.0, 3.0, -1.0, -3.0, -1.0, 1.0, -5.0, -1.0, -1.0, -5.0, -5.0, -1.0, 1.0, -5.0, -1.0, 1.0, -3.0, -3.0, -1.0, 3.0, -1.0, 1.0]	3
324	6gaj	[1.0, -1.0, -1.0, 1.0, 1.0, -3.0, 1.0, -1.0, -5.0, -5.0, -1.0, -1.0, -7.0, -3.0, -3.0, -5.0, -7.0, -3.0, -3.0, -7.0, -3.0, -1.0, -3.0, -5.0, 1.0, 1.0, -3.0, 1.0]	3
325	6gaj	[1.0, 0.0, -2.0, 1.0, 0.0, -4.0, 2.0, -1.0, -4.0, -2.0, -1.0, -3.0, -5.0, -1.0, -1.0, -5.0, -1.0, -3.0, -3.0, -5.0, -1.0, -3.0, -3.0, -1.0, -3.0, 1.0, -3.0, 1.0]	3
326	6gaj	[0.0, 0.0, 0.0, 1.0, -1.0, -1.0, -1.0, 3.0, -1.0, 1.0, 1.0, -1.0, -1.0, 1.0, 1.0, -3.0, -1.0, -1.0, -3.0, -7.0, -1.0, -1.0, -3.0, -1.0, 0.0, 0.0, 0.0, 0.0]	3
327	6gak	[1.0, 1.0, -1.0, 3.0, 3.0, -1.0, 1.0, 3.0, -1.0, -3.0, -1.0, 1.0, -5.0, -1.0, -1.0, -5.0, -5.0, -1.0, 1.0, -5.0, -1.0, 1.0, -3.0, -3.0, -1.0, 3.0, -1.0, 1.0]	3
328	6gak	[1.0, -1.0, -1.0, 1.0, 1.0, -3.0, 1.0, -1.0, -5.0, -5.0, -1.0, -1.0, -7.0, -3.0, -3.0, -5.0, -7.0, -3.0, -3.0, -7.0, -3.0, -1.0, -3.0, -5.0, 1.0, 1.0, -3.0, 1.0]	3
329	6gak	[1.0, 0.0, -2.0, 1.0, 0.0, -4.0, 2.0, -1.0, -4.0, -2.0, -1.0, -3.0, -5.0, -1.0, -1.0, -5.0, -1.0, -3.0, -3.0, -5.0, -1.0, -3.0, -3.0, -1.0, -3.0, 1.0, -3.0, 1.0]	3
330	6gak	[0.0, 0.0, 0.0, 1.0, -1.0, -1.0, -1.0, 3.0, -1.0, 1.0, 1.0, -1.0, -1.0, 1.0, 1.0, -3.0, -1.0, -1.0, -3.0, -7.0, -1.0, -1.0, -3.0, -1.0, 0.0, 0.0, 0.0, 0.0]	3
331	6gao	[1.0, 1.0, -1.0, 3.0, 3.0, -1.0, 1.0, 3.0, -1.0, -3.0, -1.0, 1.0, -5.0, -1.0, -1.0, -5.0, -5.0, -1.0, 1.0, -5.0, -1.0, 1.0, -3.0, -3.0, -1.0, 3.0, -1.0, 1.0]	3
332	6gao	[1.0, -1.0, -1.0, 1.0, 1.0, -3.0, 1.0, -1.0, -5.0, -5.0, -1.0, -1.0, -7.0, -3.0, -3.0, -5.0, -7.0, -3.0, -3.0, -7.0, -3.0, -1.0, -3.0, -5.0, 1.0, 1.0, -3.0, 1.0]	3
333	6gao	[1.0, 0.0, -2.0, 1.0, 0.0, -4.0, 2.0, -1.0, -4.0, -2.0, -1.0, -3.0, -5.0, -1.0, -1.0, -5.0, -1.0, -3.0, -3.0, -5.0, -1.0, -3.0, -3.0, -1.0, -3.0, 1.0, -3.0, 1.0]	3
334	6gao	[1.0, -1.0, -1.0, -1.0, 3.0, -1.0, 1.0, 1.0, -1.0, -1.0, 1.0, 1.0, -3.0, -1.0, -1.0, -3.0, -7.0, -1.0, -1.0, -3.0, -1.0, 1.0, 1.0, -3.0, 3.0, 1.0, -3.0, -1.0]	3
335	6gao	[1.0, 1.0, -5.0, -1.0, 1.0, -3.0, -3.0, -1.0, 1.0, -5.0, -1.0, -1.0, -5.0, -5.0, -1.0, 1.0, -5.0, -3.0, 1.0, 1.0, -3.0, -1.0, 5.0, 1.0, -3.0, -1.0, 3.0, -1.0]	3
336	6gao	[-5.0, 1.0, -1.0, -3.0, -1.0, 1.0, 3.0, -1.0, 3.0, 5.0, 3.0, 5.0, 3.0, 3.0, 1.0, -1.0, -1.0, -1.0, -1.0, -3.0, -3.0, -3.0, -1.0, -3.0, 1.0, -3.0, -1.0, -1.0]	3
337	6gao	[1.0, -1.0, 1.0, 3.0, 3.0, 1.0, 3.0, 7.0, 5.0, 5.0, 3.0, 5.0, 3.0, -1.0, 1.0, 0.0, 2.0, -1.0, -1.0, -1.0, -2.0, -2.0, -1.0, -1.0, -1.0, 0.0, -2.0, 1.0]	3
338	6gbr	[3.0, -1.0, -1.0, 1.0, 3.0, -1.0, -5.0, 1.0, -1.0, -5.0, -5.0, -1.0, -1.0, -6.0, 0.0, -1.0, -4.0, -2.0, 2.0, -1.0, -2.0, 4.0, 1.0, -3.0, 1.0, 3.0, -3.0, -3.0]	4
339	6gbr	[0.0, 0.0, 0.0, 0.0, 0.0, 0.0, 0.0, 1.0, 1.0, -5.0, -1.0, 3.0, 1.0, -1.0, 0.0, 4.0, 1.0, 2.0, 0.0, 0.0, -1.0, 0.0, 0.0, 0.0, 0.0, 0.0, 0.0, 0.0]	4
340	6gqn	[-1.0, -1.0, -3.0, 1.0, 3.0, -3.0, -3.0, 2.0, 0.0, -5.0, -3.0, 1.0, 0.0, -2.0, 1.0, 1.0, -1.0, 2.0, 2.0, -1.0, -1.0, 1.0, 1.0, -5.0, -1.0, 1.0, -3.0, -3.0]	4
341	6gqn	[0.0, 0.0, 0.0, 0.0, 0.0, 0.0, 0.0, 0.0, 0.0, 0.0, -1.0, 1.0, -5.0, -3.0, 0.0, 0.0, 0.0, 0.0, 0.0, 0.0, 0.0, 0.0, 0.0, 0.0, 0.0, 0.0, 0.0, 0.0]	4
342	6icr	[-2.0, -5.0, -5.0, -1.0, -1.0, -7.0, -1.0, -1.0, -5.0, -5.0, -1.0, -1.0, -5.0, 1.0, -1.0, -3.0, -1.0, 3.0, -1.0, -3.0, 1.0, -1.0, -3.0, -3.0, -1.0, 1.0, -3.0, -1.0]	4
343	6icr	[0.0, 0.0, 0.0, 0.0, 0.0, 0.0, 0.0, 0.0, 0.0, 0.0, 1.0, 1.0, -1.0, 1.0, 3.0, -3.0, -1.0, 0.0, 0.0, 0.0, 0.0, 0.0, 0.0, 0.0, 0.0, 0.0, 0.0, 0.0]	4
344	6j5e	[-2.0, -5.0, -5.0, -1.0, -1.0, -7.0, -1.0, -1.0, -5.0, -5.0, -1.0, -1.0, -5.0, 1.0, -1.0, -3.0, -1.0, 3.0, -1.0, -3.0, 1.0, -1.0, -3.0, -3.0, -1.0, 1.0, -3.0, -1.0]	6
345	6j5e	[0.0, 0.0, 0.0, 0.0, 0.0, 0.0, 0.0, 0.0, 0.0, 0.0, 1.0, 1.0, -1.0, 1.0, 3.0, -3.0, -1.0, 0.0, 0.0, 0.0, 0.0, 0.0, 0.0, 0.0, 0.0, 0.0, 0.0, 0.0]	6
346	6jlb	[1.0, -3.0, -5.0, -1.0, 1.0, -3.0, -3.0, 1.0, -1.0, -1.0, -3.0, 1.0, -3.0, 1.0, -1.0, -3.0, -3.0, -1.0, -1.0, -7.0, -1.0, -1.0, -3.0, -3.0, -3.0, -1.0, -5.0, -3.0]	4
347	6jlb	[-5.0, -3.0, -3.0, -5.0, -1.0, -1.0, 1.0, -1.0, 3.0, 3.0, 1.0, 3.0, -1.0, 3.0, -1.0, -1.0, 1.0, 1.0, 1.0, -3.0, 1.0, -1.0, -1.0, 1.0, 1.0, -1.0, -3.0, 1.0]	4
348	6jlb	[1.0, -1.0, -1.0, 1.0, -1.0, -5.0, -3.0, -1.0, -3.0, -3.0, -3.0, -1.0, -5.0, 1.0, -1.0, -1.0, -1.0, -1.0, 3.0, -3.0, 1.0, 1.0, 1.0, 3.0, 1.0, 5.0, 1.0, 3.0]	4
349	6jlb	[3.0, -1.0, 1.0, 1.0, 1.0, -5.0, -3.0, -2.0, -2.0, -5.0, -4.0, 0.0, -2.0, -3.0, -2.0, -2.0, -1.0, -3.0, -1.0, -5.0, -2.0, -2.0, -5.0, -6.0, -2.0, -2.0, -5.0, -2.0]	4
350	6jlb	[-4.0, -3.0, -3.0, 0.0, -4.0, -3.0, -2.0, -2.0, -4.0, -5.0, -2.0, -4.0, -5.0, -7.0, -5.0, -5.0, -7.0, -7.0, -5.0, -3.0, -5.0, -3.0, -1.0, -3.0, -1.0, -1.0, -1.0, -3.0]	4
351	6jlb	[0.0, 0.0, 0.0, 0.0, 0.0, 0.0, 0.0, -3.0, -1.0, -5.0, -5.0, -3.0, -3.0, -1.0, -5.0, -1.0, 3.0, -1.0, -3.0, 0.0, 0.0, 0.0, 0.0, 0.0, 0.0, 0.0, 0.0, 0.0]	4
352	6kts	[0.0, 0.0, 0.0, 0.0, 0.0, 0.0, 0.0, 2.0, -3.0, -3.0, 1.0, -1.0, -5.0, -5.0, -3.0, -5.0, -7.0, -7.0, -7.0, -7.0, -7.0, 0.0, 0.0, 0.0, 0.0, 0.0, 0.0, 0.0]	6
353	6l5h	[1.0, -3.0, -5.0, -1.0, -1.0, -5.0, -3.0, 1.0, -3.0, -5.0, -1.0, -1.0, -5.0, -1.0, 1.0, -3.0, -5.0, -1.0, -1.0, -5.0, 1.0, -1.0, -3.0, -1.0, 1.0, -3.0, -1.0, 3.0]	2
354	6l5h	[0.0, 0.0, 0.0, 0.0, 0.0, 0.0, 0.0, -1.0, -5.0, -1.0, 1.0, -1.0, -3.0, 1.0, 1.0, -3.0, -3.0, -1.0, 1.0, -5.0, -3.0, 0.0, 0.0, 0.0, 0.0, 0.0, 0.0, 0.0]	2
355	6mi3	[1.0, -3.0, -5.0, -1.0, -1.0, -5.0, -3.0, 1.0, -3.0, -5.0, -3.0, -1.0, -3.0, -5.0, 1.0, 1.0, -3.0, -3.0, 1.0, 1.0, -1.0, -3.0, 1.0, -3.0, -3.0, -5.0, -5.0, -3.0]	2
356	6mi3	[-3.0, -3.0, -3.0, -3.0, 1.0, -1.0, -3.0, 1.0, 1.0, -3.0, -3.0, 1.0, -1.0, -5.0, 1.0, 3.0, -1.0, -1.0, 1.0, 3.0, -1.0, -1.0, 1.0, -1.0, -1.0, -5.0, -3.0, -5.0]	2
357	6mi3	[0.0, 0.0, 0.0, -3.0, -1.0, -5.0, -5.0, -1.0, 1.0, -3.0, -1.0, 3.0, -1.0, -3.0, -1.0, 3.0, -3.0, -1.0, 1.0, -3.0, -1.0, 1.0, 3.0, -1.0, 0.0, 0.0, 0.0, 0.0]	2
358	6mi4	[3.0, -1.0, -1.0, 1.0, 3.0, -1.0, -1.0, 1.0, -1.0, -1.0, -5.0, -3.0, -5.0, -3.0, -1.0, -5.0, -5.0, -1.0, 1.0, -3.0, -1.0, 3.0, -1.0, -3.0, -1.0, 3.0, -3.0, -1.0]	2
359	6mi4	[0.0, 0.0, 0.0, 0.0, 0.0, 0.0, 0.0, 0.0, 0.0, 0.0, 1.0, -3.0, -1.0, 1.0, 3.0, -1.0, -1.0, 0.0, 0.0, 0.0, 0.0, 0.0, 0.0, 0.0, 0.0, 0.0, 0.0, 0.0]	2
360	6mpw	[0.0, 0.0, 0.0, 1.0, 2.0, 1.0, 5.0, 5.0, 5.0, 7.0, 7.0, 7.0, 7.0, 7.0, 7.0, 7.0, 7.0, 7.0, 7.0, 7.0, 7.0, 5.0, 5.0, 0.0, 0.0, 0.0, 0.0, 0.0]	5
361	6n6s	[-1.0, -3.0, -3.0, 1.0, -1.0, -5.0, -1.0, -3.0, -5.0, -7.0, -5.0, -5.0, -7.0, -5.0, -5.0, -7.0, -5.0, -5.0, -5.0, -7.0, -3.0, -3.0, -7.0, -5.0, -3.0, -3.0, -7.0, -1.0]	4
362	6n6s	[0.0, 0.0, 0.0, -1.0, -3.0, -3.0, -1.0, 1.0, -3.0, 1.0, -3.0, 1.0, -1.0, -1.0, -1.0, -3.0, 1.0, -3.0, -3.0, -3.0, -3.0, -3.0, 0.0, 0.0, 0.0, 0.0, 0.0, 0.0]	4
363	6nro	[-1.0, -5.0, -3.0, 1.0, 1.0, -5.0, -1.0, 3.0, 1.0, 1.0, 3.0, 5.0, 1.0, 3.0, 3.0, -1.0, 0.0, 2.0, -1.0, -6.0, -2.0, 0.0, -1.0, -3.0, -1.0, 1.0, 2.0, -2.0]	6
364	6ofp	[1.0, -3.0, -3.0, -1.0, 1.0, -3.0, 1.0, -1.0, -3.0, -3.0, 1.0, 1.0, -3.0, 1.0, 1.0, -3.0, -1.0, -1.0, 1.0, 1.0, 1.0, 3.0, -1.0, 1.0, 3.0, 1.0, -1.0, 0.0]	2
365	6ofp	[2.0, -1.0, -6.0, 0.0, 0.0, -5.0, -2.0, 0.0, -3.0, -5.0, -1.0, 1.0, -3.0, 1.0, 1.0, -1.0, -1.0, -1.0, -1.0, -3.0, -1.0, -3.0, -7.0, -3.0, -1.0, -3.0, -3.0, 3.0]	2
366	6ofp	[0.0, 0.0, 0.0, 0.0, 0.0, 0.0, 0.0, 3.0, -1.0, -1.0, 3.0, 1.0, 1.0, 1.0, 1.0, -1.0, -1.0, -1.0, -1.0, -1.0, 3.0, 0.0, 0.0, 0.0, 0.0, 0.0, 0.0, 0.0]	2
367	6owd	[0.0, 0.0, 0.0, 1.0, -1.0, -2.0, -1.0, 1.0, -3.0, 1.0, -1.0, -3.0, -3.0, -1.0, -1.0, -3.0, -1.0, -1.0, -5.0, -3.0, -3.0, -1.0, -3.0, 1.0, 0.0, 0.0, 0.0, 0.0]	2
368	6prl	[-1.0, -5.0, -3.0, 1.0, 1.0, -5.0, -1.0, 3.0, 1.0, 1.0, 3.0, 5.0, 1.0, 3.0, 3.0, -1.0, 0.0, 2.0, -1.0, -6.0, -2.0, 0.0, -1.0, -3.0, -1.0, 1.0, 2.0, 0.0]	6
369	6pyq	[-1.0, -5.0, -3.0, 1.0, 1.0, -5.0, -1.0, 3.0, 1.0, 1.0, 3.0, 5.0, 1.0, 3.0, 3.0, -1.0, 0.0, 2.0, -1.0, -6.0, -2.0, 0.0, -1.0, -3.0, -1.0, 1.0, 2.0, -2.0]	6
370	6pz6	[-1.0, -5.0, -3.0, 1.0, 1.0, -5.0, -1.0, 3.0, 1.0, 1.0, 3.0, 5.0, 1.0, 3.0, 3.0, -1.0, 0.0, 2.0, -1.0, -6.0, -2.0, 0.0, -1.0, -3.0, -1.0, 1.0, 2.0, -2.0]	6
371	6q5j	[1.0, 2.0, -1.0, 3.0, 1.0, -1.0, 3.0, 3.0, 1.0, -3.0, 3.0, 1.0, -1.0, 3.0, 3.0, 3.0, -1.0, 1.0, 1.0, 1.0, 3.0, 1.0, 1.0, 1.0, 0.0, 0.0, 0.0, 0.0]	6
372	6q5p	[1.0, 2.0, -1.0, 3.0, 1.0, -1.0, 3.0, 3.0, 1.0, -3.0, 3.0, 1.0, -1.0, 3.0, 3.0, 3.0, -1.0, 3.0, 3.0, 1.0, 5.0, 3.0, 3.0, 1.0, 0.0, 0.0, 0.0, 0.0]	6
373	6q5s	[1.0, 2.0, -1.0, 3.0, 1.0, -1.0, 3.0, 3.0, 1.0, -3.0, 3.0, 1.0, -1.0, 3.0, 3.0, 3.0, -1.0, 3.0, 3.0, 1.0, 5.0, 3.0, 3.0, 1.0, 0.0, 0.0, 0.0, 0.0]	4
374	6qp4	[5.0, 3.0, 1.0, 1.0, 3.0, 1.0, -1.0, -1.0, 1.0, -3.0, -1.0, -3.0, -3.0, -3.0, -1.0, 1.0, -3.0, 1.0, 3.0, 1.0, -1.0, 3.0, 3.0, -1.0, 1.0, 1.0, -1.0, -3.0]	3
375	6qp4	[-1.0, 3.0, -3.0, -1.0, -1.0, -1.0, -1.0, -1.0, 1.0, -1.0, -3.0, -1.0, -1.0, -1.0, -1.0, 1.0, -3.0, -1.0, -3.0, -3.0, -3.0, -1.0, -1.0, -7.0, -1.0, 1.0, -1.0, -3.0]	3
376	6qp4	[1.0, 3.0, -1.0, 1.0, 1.0, 5.0, -1.0, -1.0, -1.0, 1.0, -1.0, -3.0, 1.0, -3.0, -3.0, -3.0, -1.0, -5.0, -1.0, 0.0, -4.0, -3.0, 2.0, 0.0, -4.0, -1.0, 0.0, -4.0]	3
377	6qp4	[-5.0, -3.0, -5.0, -7.0, -5.0, -5.0, -7.0, -3.0, -3.0, -5.0, -5.0, -1.0, -1.0, -7.0, -1.0, 1.0, -1.0, -3.0, 1.0, 3.0, -1.0, 1.0, 1.0, 5.0, -1.0, 1.0, 3.0, 2.0]	3
378	6r17	[1.0, -3.0, -5.0, 1.0, 1.0, -5.0, -3.0, -1.0, -3.0, -7.0, -5.0, -5.0, -5.0, -3.0, -3.0, -3.0, -3.0, 1.0, -1.0, -3.0, -1.0, 1.0, -1.0, -7.0, -3.0, -1.0, -3.0, -7.0]	4
379	6r17	[-1.0, -1.0, -5.0, -5.0, -1.0, -1.0, -7.0, -3.0, -1.0, -2.0, -6.0, -1.0, 1.0, -3.0, -4.0, -2.0, -1.0, -5.0, -3.0, 0.0, -4.0, -5.0, -3.0, -1.0, -3.0, -5.0, 1.0, -1.0]	4
380	6r17	[0.0, 0.0, 0.0, -5.0, -5.0, -1.0, 1.0, -5.0, -1.0, 1.0, -3.0, -1.0, -1.0, -1.0, -3.0, -1.0, -1.0, -7.0, -1.0, 1.0, 0.0, 0.0, 0.0, 0.0, 0.0, 0.0, 0.0, 0.0]	4
381	6tzw	[-1.0, -3.0, -4.0, -1.0, -1.0, -5.0, 1.0, -1.0, -3.0, -3.0, 1.0, 1.0, -3.0, 1.0, 1.0, -3.0, -1.0, -1.0, 1.0, 1.0, 1.0, 3.0, 1.0, 3.0, 3.0, 3.0, 1.0, 2.0]	2
382	6tzw	[2.0, 1.0, -4.0, 0.0, 0.0, -5.0, -2.0, 0.0, -3.0, -5.0, -1.0, -1.0, -5.0, 1.0, -1.0, -3.0, -3.0, -1.0, -3.0, -5.0, -1.0, -3.0, -7.0, -3.0, -1.0, -3.0, -3.0, 3.0]	2
383	6tzw	[0.0, 0.0, 0.0, 0.0, 0.0, 0.0, 0.0, 3.0, -1.0, -1.0, 3.0, 1.0, 1.0, 1.0, 1.0, -1.0, -1.0, -1.0, -1.0, -3.0, 1.0, 0.0, 0.0, 0.0, 0.0, 0.0, 0.0, 0.0]	2
384	6uci	[-1.0, 1.0, 1.0, -1.0, 1.0, -1.0, -1.0, -5.0, -3.0, -3.0, -7.0, -5.0, -3.0, -3.0, -5.0, -1.0, -3.0, -3.0, -5.0, -1.0, -3.0, -5.0, -3.0, -5.0, -3.0, -5.0, -3.0, -1.0]	4
385	6uci	[0.0, 0.0, 0.0, -5.0, -3.0, -3.0, 1.0, -3.0, -1.0, 1.0, -3.0, -3.0, -3.0, -1.0, -5.0, -3.0, -3.0, -5.0, -1.0, -1.0, 1.0, 1.0, 3.0, 0.0, 0.0, 0.0, 0.0, 0.0]	4
386	6uui	[-1.0, 1.0, 1.0, -1.0, 1.0, -1.0, -1.0, -5.0, -3.0, -3.0, -7.0, -5.0, -3.0, -3.0, -5.0, -1.0, -3.0, -3.0, -5.0, -1.0, -3.0, -5.0, -3.0, -5.0, -3.0, -5.0, -3.0, -1.0]	2
387	6uui	[0.0, 0.0, 0.0, -5.0, -3.0, -3.0, 1.0, -3.0, -1.0, 1.0, -3.0, -3.0, -3.0, -1.0, -5.0, -3.0, -3.0, -5.0, -1.0, -1.0, 1.0, 1.0, 3.0, 0.0, 0.0, 0.0, 0.0, 0.0]	2
388	6v3v	[-1.0, -5.0, -3.0, 1.0, 1.0, -5.0, -1.0, 3.0, 1.0, 1.0, 3.0, 5.0, 1.0, 3.0, 3.0, -1.0, 0.0, 2.0, -1.0, -6.0, -2.0, 0.0, -1.0, -3.0, -1.0, 1.0, 0.0, 0.0]	6
389	6wb3	[0.0, 0.0, 0.0, 0.0, 0.0, 0.0, 0.0, 0.0, 0.0, 0.0, 1.0, -5.0, -3.0, 1.0, -1.0, -7.0, -3.0, 0.0, 0.0, 0.0, 0.0, 0.0, 0.0, 0.0, 0.0, 0.0, 0.0, 0.0]	2
390	6wbp	[2.0, 1.0, -1.0, 0.0, 3.0, -1.0, -3.0, -1.0, -1.0, -1.0, -5.0, -3.0, -1.0, -5.0, -1.0, -3.0, -3.0, -3.0, -1.0, -1.0, -7.0, -3.0, -1.0, -3.0, -7.0, -1.0, -1.0, -5.0]	2
391	6wbp	[-3.0, -1.0, -3.0, -5.0, -3.0, -3.0, -7.0, -5.0, -3.0, -5.0, -7.0, -5.0, -5.0, -5.0, -7.0, -3.0, -3.0, -7.0, -5.0, -3.0, -3.0, -5.0, 1.0, -1.0, 0.0, 0.0, 0.0, 0.0]	2
392	6wcu	[0.0, 0.0, 0.0, -1.0, -3.0, -3.0, -3.0, 1.0, -3.0, -5.0, -1.0, -3.0, -5.0, -3.0, 1.0, -1.0, -5.0, 1.0, 1.0, -5.0, -3.0, 1.0, -1.0, -7.0, 0.0, 0.0, 0.0, 0.0]	2
393	6x45	[3.0, -3.0, -1.0, 1.0, 1.0, -5.0, -3.0, -1.0, -3.0, -5.0, 1.0, 1.0, -1.0, -1.0, 3.0, -1.0, 1.0, 3.0, 1.0, -3.0, -1.0, 1.0, -3.0, -3.0, 3.0, -1.0, -3.0, -1.0]	6
394	6x45	[0.0, 0.0, 0.0, 0.0, 0.0, 0.0, 0.0, 0.0, 0.0, 0.0, 3.0, -1.0, -3.0, 3.0, 0.0, 0.0, 0.0, 0.0, 0.0, 0.0, 0.0, 0.0, 0.0, 0.0, 0.0, 0.0, 0.0, 0.0]	6
395	6xnm	[0.0, 0.0, 0.0, 1.0, -3.0, -5.0, 1.0, 2.0, -4.0, -1.0, 2.0, -2.0, -4.0, -1.0, 2.0, -4.0, -1.0, 1.0, -3.0, -1.0, 1.0, 0.0, 0.0, 0.0, 0.0, 0.0, 0.0, 0.0]	3
396	6xx0	[-1.0, -5.0, -3.0, 1.0, 1.0, -5.0, -3.0, 1.0, 1.0, -1.0, 1.0, 3.0, 1.0, 1.0, 2.0, 2.0, 3.0, 2.0, 2.0, 0.0, 1.0, 2.0, 0.0, 4.0, -2.0, 1.0, 0.0, 0.0]	4
397	6xx0	[0.0, -1.0, 2.0, -4.0, -1.0, -1.0, -1.0, -5.0, -3.0, -1.0, -1.0, -5.0, -3.0, -1.0, -3.0, -3.0, -1.0, -1.0, -3.0, -3.0, -1.0, -3.0, -5.0, 1.0, -1.0, -5.0, -5.0, -2.0]	4
398	6xy0	[0.0, 0.0, 0.0, -1.0, -3.0, -3.0, 1.0, -1.0, -3.0, 3.0, -1.0, -1.0, -1.0, 1.0, 1.0, -1.0, 5.0, -1.0, -1.0, -1.0, 1.0, -1.0, -3.0, 0.0, 0.0, 0.0, 0.0, 0.0]	4
399	6xy1	[0.0, 0.0, 0.0, -1.0, -5.0, -5.0, -1.0, -1.0, -7.0, -1.0, -1.0, -3.0, -3.0, -1.0, 1.0, -5.0, 1.0, -1.0, -3.0, -3.0, -1.0, -1.0, -5.0, 0.0, 0.0, 0.0, 0.0, 0.0]	4
400	6yb2	[0.0, 0.0, 0.0, 3.0, -1.0, -3.0, -1.0, 3.0, -1.0, 1.0, 1.0, -1.0, -1.0, 1.0, 3.0, -1.0, 1.0, 3.0, -1.0, -1.0, 0.0, 0.0, 0.0, 0.0, 0.0, 0.0, 0.0, 0.0]	6
401	6yip	[-2.0, -3.0, -3.0, 1.0, -1.0, -5.0, 1.0, 0.0, -4.0, -5.0, -2.0, 0.0, -4.0, -5.0, -2.0, -4.0, -5.0, -7.0, -3.0, -3.0, -7.0, -3.0, -3.0, -3.0, -1.0, 1.0, 1.0, -3.0]	2
402	6yip	[0.0, 0.0, 0.0, 0.0, 0.0, 0.0, 0.0, 0.0, 0.0, 0.0, 3.0, 1.0, -3.0, -1.0, -1.0, -1.0, -3.0, 0.0, 0.0, 0.0, 0.0, 0.0, 0.0, 0.0, 0.0, 0.0, 0.0, 0.0]	2
403	6yrl	[-1.0, -5.0, -5.0, -1.0, 1.0, -5.0, -3.0, -1.0, -1.0, -3.0, -5.0, -1.0, -3.0, -3.0, -5.0, -5.0, -3.0, -5.0, -3.0, -5.0, -3.0, -1.0, -5.0, -1.0, -3.0, -3.0, -3.0, -1.0]	4
404	6yrl	[-1.0, -7.0, -3.0, -3.0, -5.0, -7.0, -3.0, -3.0, -5.0, -3.0, -3.0, -1.0, -5.0, 1.0, -1.0, -1.0, -1.0, -1.0, 3.0, -1.0, 3.0, 1.0, 1.0, 1.0, 1.0, 1.0, -3.0, -1.0]	4
405	6yrl	[-1.0, -3.0, -5.0, 1.0, -1.0, -3.0, -3.0, -1.0, -1.0, -3.0, -1.0, -1.0, -5.0, -2.0, -4.0, -1.0, 0.0, 0.0, 0.0, -3.0, 0.0, -2.0, -3.0, -3.0, -1.0, -1.0, -5.0, -3.0]	4
406	6yrl	[0.0, 0.0, 0.0, 0.0, 0.0, 0.0, 0.0, -1.0, -3.0, -3.0, -1.0, 3.0, -3.0, -1.0, 1.0, -1.0, -1.0, -1.0, 3.0, -3.0, 1.0, 0.0, 0.0, 0.0, 0.0, 0.0, 0.0, 0.0]	4
407	6ytu	[0.0, -3.0, -1.0, 1.0, 1.0, -3.0, -1.0, 1.0, -3.0, -3.0, 3.0, -1.0, -3.0, -1.0, 3.0, 0.0, -2.0, 3.0, 2.0, -4.0, 0.0, 3.0, 0.0, -4.0, 1.0, 1.0, -5.0, 0.0]	2
408	6zpj	[0.0, 0.0, -2.0, -1.0, 2.0, -2.0, -3.0, -1.0, -1.0, -5.0, -5.0, -3.0, -1.0, -5.0, -3.0, 1.0, 1.0, -3.0, -3.0, 1.0, -1.0, -3.0, -1.0, 1.0, -1.0, -1.0, 3.0, -1.0]	2
409	6zpj	[0.0, 0.0, 0.0, 0.0, 2.0, 3.0, 2.0, 0.0, 4.0, 3.0, 2.0, 0.0, 3.0, 3.0, 1.0, 1.0, -1.0, 1.0, -3.0, -1.0, 1.0, 1.0, 2.0, 0.0, 0.0, 0.0, 0.0, 0.0]	2
410	6zpm	[-3.0, -5.0, -5.0, -1.0, -1.0, -7.0, -1.0, -1.0, -5.0, -5.0, -3.0, -3.0, -7.0, -3.0, -1.0, -5.0, -5.0, -1.0, -1.0, -5.0, -1.0, 3.0, -1.0, -3.0, 3.0, 1.0, -1.0, 1.0]	2
411	6zpm	[1.0, -1.0, -3.0, 1.0, -3.0, -5.0, -3.0, -5.0, -3.0, -5.0, -5.0, -3.0, -3.0, -3.0, -5.0, 1.0, -1.0, -1.0, -1.0, -1.0, -1.0, -3.0, -1.0, -3.0, -3.0, -3.0, -3.0, -5.0]	2
412	6zpm	[0.0, 0.0, 0.0, -3.0, -3.0, -1.0, -5.0, -3.0, -3.0, -5.0, -5.0, -1.0, -3.0, -5.0, -1.0, 1.0, -3.0, -1.0, 3.0, -1.0, 0.0, 0.0, 0.0, 0.0, 0.0, 0.0, 0.0, 0.0]	2
413	7baw	[0.0, 0.0, 0.0, 5.0, 1.0, -3.0, 1.0, 5.0, 1.0, 1.0, 5.0, 3.0, -1.0, 3.0, 5.0, 1.0, 1.0, 5.0, 1.0, -1.0, 0.0, 0.0, 0.0, 0.0, 0.0, 0.0, 0.0, 0.0]	7
414	7bgf	[1.0, 1.0, -1.0, 1.0, 3.0, 3.0, 3.0, 1.0, 1.0, 1.0, -3.0, -1.0, -1.0, -3.0, -3.0, -5.0, -5.0, -7.0, -3.0, -3.0, -7.0, -3.0, -3.0, -5.0, -5.0, -3.0, -1.0, -5.0]	2
415	7bgf	[-3.0, 1.0, -3.0, -3.0, -1.0, 3.0, -1.0, -3.0, 1.0, -1.0, -5.0, -3.0, -1.0, -5.0, -5.0, -5.0, -5.0, -7.0, -3.0, -3.0, -7.0, -5.0, -3.0, -3.0, -7.0, -3.0, 0.0, 0.0]	2
416	7bjn	[-1.0, -5.0, -5.0, -1.0, 1.0, -3.0, 1.0, 1.0, -1.0, -1.0, 1.0, 1.0, -1.0, 3.0, -1.0, -3.0, -3.0, 1.0, -1.0, -5.0, -1.0, -3.0, -5.0, -7.0, -3.0, -1.0, -5.0, -3.0]	2
417	7bjn	[0.0, 0.0, 0.0, -1.0, -1.0, -1.0, -1.0, 3.0, -3.0, 1.0, -1.0, -3.0, -1.0, 1.0, -1.0, -5.0, -1.0, -1.0, -5.0, -3.0, -1.0, -5.0, -3.0, 0.0, 0.0, 0.0, 0.0, 0.0]	2
418	7bjs	[0.0, -2.0, -2.0, -1.0, 0.0, -4.0, -1.0, -1.0, -1.0, -5.0, 1.0, -1.0, -1.0, 1.0, -1.0, -1.0, -1.0, 3.0, -1.0, -3.0, 3.0, 1.0, -5.0, -1.0, 3.0, 1.0, -3.0, -1.0]	3
419	7bjs	[0.0, 0.0, 0.0, 0.0, 0.0, 0.0, 0.0, 1.0, -3.0, -3.0, -2.0, -2.0, -4.0, -5.0, -4.0, -3.0, -6.0, 0.0, 0.0, 0.0, 0.0, 0.0, 0.0, 0.0, 0.0, 0.0, 0.0, 0.0]	3
420	7d2e	[0.0, 0.0, 0.0, 1.0, -1.0, -1.0, 1.0, 3.0, 1.0, 3.0, 1.0, -1.0, -1.0, -1.0, 1.0, -1.0, -1.0, -1.0, -5.0, -3.0, 0.0, 0.0, 0.0, 0.0, 0.0, 0.0, 0.0, 0.0]	4
421	7d2h	[2.0, 1.0, 1.0, 2.0, 1.0, -1.0, 1.0, 1.0, -1.0, 3.0, -1.0, -3.0, -3.0, 1.0, 1.0, -3.0, -1.0, -1.0, -3.0, -5.0, -3.0, -1.0, -5.0, -3.0, -3.0, -3.0, -3.0, -3.0]	4
422	7d2h	[-1.0, -5.0, -3.0, -5.0, -3.0, -1.0, -3.0, -3.0, -3.0, 1.0, -1.0, -1.0, 3.0, 3.0, 1.0, -3.0, 1.0, -1.0, -3.0, -3.0, -1.0, -3.0, -5.0, -3.0, 0.0, 0.0, 0.0, 0.0]	4
423	7edp	[3.0, 2.0, -1.0, 3.0, 3.0, -1.0, 1.0, 1.0, -1.0, -3.0, -3.0, -1.0, -5.0, -1.0, -3.0, -5.0, -3.0, -3.0, -3.0, -7.0, -1.0, -1.0, -3.0, -3.0, -3.0, -1.0, -5.0, -1.0]	2
424	7edp	[0.0, 0.0, 0.0, 0.0, 0.0, 0.0, 0.0, 0.0, 0.0, 0.0, -3.0, -3.0, 1.0, -3.0, -1.0, -1.0, 1.0, 0.0, 0.0, 0.0, 0.0, 0.0, 0.0, 0.0, 0.0, 0.0, 0.0, 0.0]	2
425	7eqb	[-3.0, -3.0, -1.0, 1.0, 1.0, -3.0, 2.0, 0.0, -3.0, -2.0, -2.0, -2.0, -5.0, -4.0, -2.0, -5.0, -3.0, -3.0, 1.0, -3.0, -1.0, 1.0, -3.0, -1.0, -1.0, -1.0, -3.0, -3.0]	2
426	7eqb	[-1.0, -3.0, -1.0, 1.0, -1.0, -1.0, 1.0, 3.0, 1.0, -1.0, 1.0, 1.0, -3.0, -5.0, -1.0, -3.0, -3.0, -3.0, -3.0, -3.0, -3.0, -3.0, -5.0, -3.0, 1.0, -3.0, -5.0, -1.0]	2
427	7ff1	[0.0, 0.0, 0.0, 0.0, 0.0, 0.0, 0.0, 2.0, -1.0, -1.0, 1.0, 1.0, -3.0, -3.0, -3.0, -3.0, -5.0, -7.0, -7.0, -7.0, -7.0, 0.0, 0.0, 0.0, 0.0, 0.0, 0.0, 0.0]	6
428	7mnk	[0.0, 0.0, 0.0, 1.0, 1.0, -1.0, -1.0, 5.0, 1.0, -1.0, 3.0, 1.0, -1.0, -3.0, 1.0, -1.0, -5.0, 1.0, -1.0, -3.0, -3.0, -3.0, 0.0, 0.0, 0.0, 0.0, 0.0, 0.0]	4
429	7nfg	[0.0, 0.0, 0.0, 5.0, 1.0, -3.0, 1.0, 5.0, 1.0, 1.0, 5.0, 3.0, -1.0, 3.0, 5.0, 1.0, 1.0, 5.0, 1.0, -1.0, 0.0, 0.0, 0.0, 0.0, 0.0, 0.0, 0.0, 0.0]	6
430	7nfh	[0.0, 0.0, 0.0, 5.0, 1.0, -3.0, 1.0, 5.0, 1.0, 1.0, 5.0, 3.0, -1.0, 3.0, 5.0, 1.0, 1.0, 5.0, 1.0, -1.0, 0.0, 0.0, 0.0, 0.0, 0.0, 0.0, 0.0, 0.0]	7
431	7nfj	[0.0, 0.0, 0.0, 5.0, 1.0, -3.0, 1.0, 5.0, 1.0, 1.0, 5.0, 3.0, -1.0, 3.0, 5.0, 1.0, 1.0, 4.0, 0.0, -1.0, 0.0, 0.0, 0.0, 0.0, 0.0, 0.0, 0.0, 0.0]	7
432	7owx	[0.0, 0.0, 0.0, 0.0, 0.0, 0.0, 0.0, 1.0, -5.0, -3.0, 1.0, 1.0, -5.0, -1.0, 1.0, -3.0, -1.0, 0.0, 0.0, 0.0, 0.0, 0.0, 0.0, 0.0, 0.0, 0.0, 0.0, 0.0]	4
433	7p3h	[-1.0, -1.0, -2.0, 1.0, 1.0, -1.0, 1.0, -1.0, -1.0, -3.0, -3.0, -3.0, -1.0, -1.0, -5.0, -5.0, -3.0, -1.0, -3.0, -3.0, 3.0, -1.0, -3.0, -3.0, 1.0, -1.0, -3.0, 3.0]	3
434	7p3h	[0.0, 0.0, 0.0, 0.0, 0.0, 0.0, 0.0, 0.0, 0.0, 0.0, -1.0, -3.0, -1.0, 0.0, 0.0, 0.0, 0.0, 0.0, 0.0, 0.0, 0.0, 0.0, 0.0, 0.0, 0.0, 0.0, 0.0, 0.0]	3
435	7q1r	[0.0, 0.0, 0.0, 1.0, -1.0, -1.0, 1.0, 3.0, 1.0, 3.0, 1.0, -1.0, -1.0, -1.0, 1.0, 1.0, 1.0, -1.0, -1.0, 1.0, -1.0, 1.0, 1.0, 0.0, 0.0, 0.0, 0.0, 0.0]	2
436	7q1t	[0.0, 0.0, 0.0, 1.0, -1.0, -1.0, 1.0, 3.0, 1.0, 3.0, 1.0, -1.0, -1.0, 1.0, 3.0, 1.0, 3.0, 1.0, 1.0, 1.0, 1.0, 3.0, 1.0, 0.0, 0.0, 0.0, 0.0, 0.0]	2
437	7r6h	[1.0, -2.0, -4.0, 1.0, 2.0, -2.0, 2.0, 3.0, 2.0, -2.0, 1.0, 0.0, -2.0, -3.0, 0.0, -2.0, -6.0, -3.0, 0.0, -2.0, -3.0, 1.0, 1.0, -1.0, -3.0, 3.0, -1.0, -1.0]	4
438	7r6h	[0.0, 0.0, 0.0, 0.0, 0.0, 0.0, 0.0, 1.0, 1.0, 1.0, -3.0, 1.0, 1.0, -1.0, -3.0, 1.0, 1.0, -1.0, -3.0, 1.0, 0.0, 0.0, 0.0, 0.0, 0.0, 0.0, 0.0, 0.0]	4
439	7saf	[1.0, -3.0, -5.0, -1.0, 0.0, -4.0, -3.0, 0.0, -4.0, -4.0, -3.0, 0.0, -4.0, -1.0, 1.0, -3.0, -1.0, 1.0, 1.0, -3.0, 1.0, 1.0, -5.0, -3.0, 1.0, -1.0, -7.0, -1.0]	2
440	7saf	[0.0, 0.0, 0.0, -1.0, -5.0, -5.0, -2.0, -2.0, -7.0, -2.0, -2.0, -4.0, -3.0, -2.0, 0.0, -5.0, 1.0, 1.0, -1.0, -3.0, 0.0, 0.0, -5.0, -2.0, 0.0, 0.0, 0.0, 0.0]	2
441	7ucc	[1.0, -3.0, -5.0, -1.0, 0.0, -4.0, -3.0, 0.0, -4.0, -4.0, -3.0, 0.0, -4.0, -1.0, 1.0, -3.0, -1.0, 1.0, 1.0, -3.0, 1.0, 1.0, -5.0, -3.0, 1.0, -1.0, -7.0, -1.0]	2
442	7ucc	[0.0, 0.0, 0.0, -1.0, -5.0, -5.0, -2.0, -2.0, -7.0, -2.0, -2.0, -4.0, -3.0, -2.0, 0.0, -5.0, 1.0, 1.0, -1.0, -3.0, 0.0, 0.0, -5.0, -2.0, 0.0, 0.0, 0.0, 0.0]	2
443	7ucd	[1.0, -3.0, -5.0, -1.0, 0.0, -4.0, -3.0, 0.0, -4.0, -4.0, -3.0, 0.0, -4.0, -1.0, 1.0, -3.0, -1.0, 1.0, 1.0, -3.0, 1.0, 1.0, -5.0, -3.0, 1.0, -1.0, -7.0, -1.0]	2
444	7ucd	[0.0, 0.0, 0.0, -1.0, -5.0, -5.0, -2.0, -2.0, -7.0, -2.0, -2.0, -4.0, -3.0, -2.0, 0.0, -5.0, 1.0, 1.0, -1.0, -3.0, 0.0, 0.0, -5.0, -2.0, 0.0, 0.0, 0.0, 0.0]	2
445	7yfu	[-1.0, -1.0, -3.0, 1.0, 1.0, -5.0, -3.0, 1.0, -1.0, -7.0, -1.0, -1.0, -5.0, -5.0, -3.0, -3.0, -5.0, -1.0, -3.0, -5.0, -3.0, -1.0, -1.0, -3.0, 1.0, 1.0, -3.0, -3.0]	2
446	7yfu	[0.0, 0.0, 0.0, 0.0, 0.0, 0.0, 0.0, 0.0, 0.0, 0.0, -1.0, 1.0, -3.0, -1.0, 0.0, 0.0, 0.0, 0.0, 0.0, 0.0, 0.0, 0.0, 0.0, 0.0, 0.0, 0.0, 0.0, 0.0]	2
447	8arf	[-1.0, -3.0, -3.0, -3.0, -1.0, -5.0, -3.0, 1.0, -3.0, -2.0, 0.0, 3.0, 0.0, 0.0, 6.0, 1.0, -2.0, 0.0, 1.0, -3.0, -3.0, -1.0, -5.0, -5.0, -3.0, -3.0, -7.0, -1.0]	2
448	8arf	[-1.0, -5.0, -5.0, -1.0, 1.0, -5.0, -1.0, 1.0, -3.0, -3.0, -2.0, 0.0, -5.0, -4.0, -4.0, -5.0, -6.0, -4.0, -3.0, -6.0, -4.0, -3.0, -2.0, -4.0, -1.0, -3.0, -3.0, -3.0]	2
449	8arf	[1.0, -3.0, -3.0, 1.0, -1.0, -3.0, -1.0, 1.0, 1.0, -3.0, 3.0, -1.0, -1.0, -1.0, -1.0, -3.0, -3.0, -1.0, -3.0, -3.0, -5.0, -1.0, -3.0, -3.0, -3.0, 0.0, 0.0, 0.0]	2
450	8f3a	[0.0, 0.0, 0.0, 0.0, 0.0, 0.0, 0.0, 1.0, 5.0, 1.0, 1.0, 3.0, 1.0, 1.0, 1.0, 1.0, 3.0, 0.0, 0.0, 0.0, 0.0, 0.0, 0.0, 0.0, 0.0, 0.0, 0.0, 0.0]	3
451	8f3b	[0.0, 0.0, 0.0, 0.0, 0.0, 0.0, 0.0, 1.0, 5.0, 1.0, 1.0, 3.0, 1.0, 1.0, 1.0, 1.0, 3.0, -1.0, 3.0, 1.0, 1.0, 0.0, 0.0, 0.0, 0.0, 0.0, 0.0, 0.0]	3
452	8fcf	[0.0, 0.0, 0.0, 0.0, 0.0, 0.0, 0.0, 1.0, 5.0, 1.0, 1.0, 3.0, 1.0, 1.0, 1.0, 1.0, 3.0, -1.0, 3.0, 1.0, 1.0, 0.0, 0.0, 0.0, 0.0, 0.0, 0.0, 0.0]	2
453	8gkv	[3.0, 2.0, 1.0, 3.0, 5.0, 1.0, 1.0, 3.0, 7.0, 1.0, -1.0, 1.0, 1.0, -3.0, -5.0, -3.0, -5.0, -5.0, -5.0, -5.0, -3.0, -3.0, -1.0, -3.0, 3.0, -1.0, 1.0, 3.0]	2
454	8gkv	[0.0, 0.0, 0.0, 0.0, 0.0, 0.0, 0.0, 3.0, 1.0, 1.0, 7.0, 3.0, 1.0, 1.0, 5.0, 3.0, -1.0, 0.0, 0.0, 0.0, 0.0, 0.0, 0.0, 0.0, 0.0, 0.0, 0.0, 0.0]	2
455	8goj	[0.0, 0.0, 0.0, 0.0, 0.0, 0.0, 0.0, 0.0, -3.0, 1.0, 3.0, 0.0, -4.0, 1.0, 2.0, -4.0, 0.0, 1.0, 0.0, 0.0, 0.0, 0.0, 0.0, 0.0, 0.0, 0.0, 0.0, 0.0]	4
456	8ims	[3.0, -2.0, -3.0, 1.0, -1.0, -5.0, -5.0, -1.0, -3.0, -7.0, -3.0, -3.0, -3.0, -1.0, 1.0, 3.0, -1.0, 1.0, 1.0, -1.0, -1.0, -1.0, 1.0, -1.0, -1.0, -1.0, -1.0, 1.0]	3
457	8ims	[3.0, 3.0, 1.0, 3.0, 3.0, -3.0, -1.0, 1.0, 1.0, -5.0, -1.0, -1.0, -5.0, -5.0, -1.0, -1.0, -5.0, -1.0, -1.0, -1.0, -3.0, 3.0, -1.0, -1.0, -1.0, -1.0, -3.0, -5.0]	3
458	8ims	[-1.0, -3.0, -7.0, -5.0, -3.0, -1.0, -5.0, -1.0, 1.0, -3.0, -3.0, -1.0, 1.0, -3.0, 1.0, -1.0, -3.0, -3.0, 1.0, -1.0, -5.0, 1.0, -1.0, -3.0, -3.0, -1.0, 1.0, -3.0]	3
459	8ims	[0.0, 0.0, 0.0, 0.0, 0.0, 0.0, 0.0, 0.0, 0.0, 0.0, 3.0, 1.0, 3.0, 0.0, 0.0, 0.0, 0.0, 0.0, 0.0, 0.0, 0.0, 0.0, 0.0, 0.0, 0.0, 0.0, 0.0, 0.0]	3
460	8ipg	[1.0, 0.0, -1.0, 3.0, 3.0, -1.0, -1.0, 3.0, -1.0, -3.0, -1.0, 1.0, -3.0, -3.0, 1.0, -1.0, -1.0, 1.0, 1.0, -1.0, -1.0, 3.0, -3.0, -1.0, 1.0, -1.0, 1.0, 1.0]	6
461	8ipg	[0.0, 0.0, 0.0, 0.0, 0.0, 0.0, 0.0, 0.0, 0.0, 0.0, 5.0, 1.0, 1.0, 3.0, 1.0, 1.0, 1.0, 0.0, 0.0, 0.0, 0.0, 0.0, 0.0, 0.0, 0.0, 0.0, 0.0, 0.0]	6
462	8owi	[0.0, 0.0, 0.0, 0.0, 0.0, 0.0, 0.0, 2.0, -1.0, -3.0, -1.0, 3.0, -1.0, -5.0, -1.0, -3.0, -5.0, 0.0, 0.0, 0.0, 0.0, 0.0, 0.0, 0.0, 0.0, 0.0, 0.0, 0.0]	2
463	8p0s	[0.0, -4.0, -4.0, -1.0, 0.0, -6.0, -3.0, -2.0, -4.0, -5.0, -2.0, -4.0, -4.0, -4.0, -3.0, -6.0, -4.0, -2.0, -4.0, -7.0, -4.0, -4.0, -3.0, -5.0, -3.0, -1.0, -5.0, -1.0]	2
464	8p0s	[-2.0, -2.0, -3.0, 0.0, 0.0, -6.0, -3.0, 0.0, -2.0, -7.0, -3.0, -3.0, -5.0, -5.0, -3.0, -5.0, -5.0, -3.0, -3.0, -7.0, -1.0, -1.0, -5.0, -5.0, -3.0, -2.0, -4.0, -1.0]	2
465	8p0s	[-2.0, -4.0, -2.0, -1.0, -2.0, -4.0, 0.0, -2.0, -5.0, -6.0, -2.0, -2.0, -7.0, -4.0, -4.0, -5.0, -7.0, -5.0, -5.0, -7.0, -5.0, -5.0, -7.0, -5.0, -3.0, -3.0, -7.0, -1.0]	2
466	8p0s	[-1.0, -5.0, -5.0, -1.0, -1.0, -7.0, -1.0, -1.0, -5.0, -3.0, -1.0, -3.0, -5.0, -3.0, -3.0, -5.0, -1.0, -3.0, -5.0, -3.0, -1.0, -3.0, -5.0, 1.0, -1.0, -5.0, -5.0, -1.0]	2
467	8p0s	[0.0, 0.0, 0.0, 0.0, 0.0, 0.0, 0.0, 0.0, 0.0, 0.0, -1.0, -7.0, -1.0, 0.0, 0.0, 0.0, 0.0, 0.0, 0.0, 0.0, 0.0, 0.0, 0.0, 0.0, 0.0, 0.0, 0.0, 0.0]	2
468	8puz	[0.0, -3.0, -3.0, 0.0, -1.0, -5.0, 1.0, -1.0, -1.0, -1.0, -1.0, -1.0, -3.0, 1.0, -1.0, -1.0, -1.0, -1.0, 1.0, -1.0, 3.0, 1.0, 3.0, 1.0, 1.0, 1.0, -3.0, 3.0]	2
469	8puz	[-1.0, -1.0, -1.0, -1.0, 1.0, -3.0, 1.0, -3.0, -1.0, -3.0, -2.0, -4.0, -5.0, -2.0, -4.0, -6.0, -5.0, -4.0, -4.0, -5.0, -1.0, -3.0, -5.0, -3.0, -1.0, -3.0, -5.0, 1.0]	2
470	8puz	[-1.0, -5.0, -5.0, -3.0, -3.0, -7.0, -3.0, -3.0, -5.0, -3.0, -3.0, -1.0, -5.0, -1.0, -3.0, -1.0, -3.0, -5.0, -3.0, -5.0, -3.0, -5.0, -5.0, -1.0, -3.0, -5.0, -5.0, -1.0]	2
471	8puz	[-1.0, -5.0, 1.0, -1.0, -3.0, -3.0, 1.0, -1.0, -5.0, -1.0, -3.0, -5.0, -5.0, -1.0, -3.0, -5.0, -3.0, -3.0, -5.0, -5.0, -1.0, -3.0, -7.0, -5.0, -5.0, -3.0, -5.0, -3.0]	2
472	8puz	[-1.0, -5.0, -1.0, -3.0, -3.0, -3.0, -1.0, -1.0, -7.0, -1.0, -1.0, -5.0, -5.0, -3.0, -3.0, -7.0, -3.0, -3.0, -7.0, -5.0, -3.0, -3.0, -7.0, -1.0, -1.0, -5.0, -5.0, -2.0]	2
473	8puz	[0.0, 0.0, 0.0, -2.0, -7.0, -2.0, -2.0, -4.0, -3.0, -2.0, 0.0, -5.0, 1.0, -1.0, -3.0, -1.0, 1.0, -1.0, -5.0, 1.0, 0.0, 0.0, 0.0, 0.0, 0.0, 0.0, 0.0, 0.0]	2
474	8qaa	[3.0, 0.0, 1.0, 5.0, 1.0, -3.0, 1.0, 5.0, -1.0, -1.0, 5.0, 1.0, -3.0, 1.0, 5.0, 1.0, 1.0, 5.0, 3.0, -1.0, 3.0, 5.0, 1.0, 1.0, 0.0, 0.0, 0.0, 0.0]	6
475	8qab	[3.0, 0.0, 1.0, 5.0, 1.0, -3.0, 1.0, 5.0, -1.0, -1.0, 5.0, 1.0, -3.0, 1.0, 5.0, 1.0, 1.0, 5.0, 3.0, -1.0, 3.0, 5.0, 1.0, 1.0, 0.0, 0.0, 0.0, 0.0]	6
476	8sdi	[4.0, 1.0, -1.0, 2.0, 5.0, 1.0, -1.0, 3.0, 3.0, -3.0, 1.0, 1.0, -1.0, -1.0, 1.0, -1.0, -5.0, -1.0, 1.0, -3.0, -3.0, 3.0, 1.0, 1.0, -1.0, 3.0, 3.0, -1.0]	4
477	8sdi	[3.0, 1.0, -1.0, -1.0, 0.0, 0.0, -3.0, 0.0, 4.0, -2.0, -1.0, 0.0, 0.0, -3.0, -5.0, -1.0, -1.0, -5.0, -5.0, -1.0, -1.0, -5.0, -1.0, 1.0, -1.0, -3.0, -3.0, -1.0]	4
478	8sdi	[0.0, 0.0, 0.0, -5.0, -1.0, -1.0, -3.0, -1.0, -1.0, -3.0, -1.0, -1.0, 1.0, -1.0, -3.0, 1.0, -1.0, 1.0, -1.0, 1.0, 3.0, -3.0, 1.0, 0.0, 0.0, 0.0, 0.0, 0.0]	4
479	8sdj	[3.0, -1.0, -3.0, -1.0, 1.0, -1.0, -1.0, -1.0, -3.0, -3.0, -1.0, -3.0, -5.0, -1.0, -1.0, -3.0, -7.0, -1.0, 0.0, -3.0, -2.0, 2.0, 1.0, -3.0, 0.0, 0.0, -3.0, -2.0]	4
480	8sdj	[1.0, -1.0, -1.0, -1.0, 1.0, 1.0, -1.0, 3.0, 3.0, 1.0, -1.0, 3.0, 3.0, -1.0, 1.0, 5.0, -1.0, 1.0, 2.0, 0.0, -3.0, -2.0, 0.0, -4.0, -5.0, -2.0, -2.0, -1.0]	4
481	8sdj	[0.0, 0.0, 0.0, 0.0, 0.0, 0.0, 0.0, -3.0, 1.0, 1.0, 1.0, 3.0, 3.0, 5.0, 3.0, 5.0, 3.0, 1.0, 3.0, -1.0, 0.0, 0.0, 0.0, 0.0, 0.0, 0.0, 0.0, 0.0]	4
482	8t5f	[0.0, 0.0, 0.0, 0.0, 0.0, 0.0, 0.0, -1.0, -1.0, -3.0, 1.0, -1.0, -5.0, 1.0, -1.0, -5.0, -3.0, 0.0, 0.0, 0.0, 0.0, 0.0, 0.0, 0.0, 0.0, 0.0, 0.0, 0.0]	3
483	8tgt	[-2.0, -4.0, -5.0, -3.0, -3.0, -5.0, -3.0, -3.0, -3.0, -5.0, -1.0, -3.0, -1.0, -1.0, -2.0, 2.0, -3.0, -2.0, 0.0, 0.0, -3.0, -4.0, -2.0, -3.0, -7.0, -5.0, -5.0, -7.0]	3
484	8tgt	[0.0, 0.0, 0.0, 0.0, 0.0, 0.0, 0.0, 0.0, 0.0, 0.0, -7.0, -7.0, -7.0, -7.0, -7.0, -7.0, -7.0, 0.0, 0.0, 0.0, 0.0, 0.0, 0.0, 0.0, 0.0, 0.0, 0.0, 0.0]	3
